caseid,ClintonTherm,RConserv,ClintonConserv,PID,GOP
1001,40,4,2,3,0
1002,85,4,3,3,0
1004,85,4,2,1,0
1005,30,4,1,3,0
1007,15,7,2,2,1
1009,85,4,6,3,0
1010,15,7,1,2,1
1011,60,5,2,3,0
1012,70,4,4,5,0
1013,90,6,4,1,0
1014,70,5,4,3,0
1015,15,6,2,2,1
1016,70,6,4,1,0
1017,85,2,3,1,0
1018,70,6,3,2,1
1020,85,2,4,5,0
1021,70,5,2,2,1
1023,70,3,3,2,1
1024,40,6,4,3,0
1025,85,2,4,1,0
1026,100,4,4,1,0
1027,15,6,1,2,1
1028,100,4,1,1,0
1029,100,2,4,1,0
1030,100,6,3,1,0
1031,60,6,1,3,0
1032,85,3,4,1,0
1033,85,3,3,1,0
1034,85,3,4,1,0
1035,60,4,2,3,0
1036,60,5,2,3,0
1037,60,5,3,3,0
1038,60,4,4,3,0
1039,100,5,5,1,0
1040,70,5,3,2,1
1041,35,6,2,2,1
1042,60,5,2,1,0
1043,60,6,6,5,0
1045,60,5,5,1,0
1046,5,2,2,1,0
1047,70,3,3,3,0
1048,70,3,2,3,0
1049,60,4,2,3,0
1050,60,2,4,1,0
1052,0,6,2,2,1
1053,50,4,2,2,1
1055,0,6,1,2,1
1056,0,7,1,2,1
1057,15,5,2,2,1
1058,70,4,4,1,0
1061,50,4,2,3,0
1062,85,4,2,3,0
1063,70,4,3,3,0
1064,5,6,1,2,1
1065,70,5,4,1,0
1066,60,5,4,4,0
1069,100,3,3,1,0
1072,70,5,3,1,0
1073,60,4,3,3,0
1075,85,4,5,3,0
1076,40,6,2,2,1
1077,100,2,3,1,0
1079,15,7,1,3,0
1080,85,4,2,3,0
1081,85,3,2,1,0
1082,70,5,5,1,0
1083,85,3,2,1,0
1084,70,4,4,3,0
1085,60,5,4,5,0
1086,100,2,3,1,0
1087,60,7,2,3,0
1088,30,5,1,2,1
1090,85,2,3,3,0
1092,0,6,1,2,1
1095,70,5,2,3,0
1096,60,5,3,2,1
1097,85,3,2,1,0
1099,10,4,3,3,0
1100,70,2,3,1,0
1101,85,6,4,2,1
1102,30,5,3,5,0
1107,85,6,3,1,0
1108,85,4,2,1,0
1109,85,5,2,3,0
1110,85,4,4,3,0
1111,0,6,2,2,1
1115,70,5,4,5,0
1116,60,5,7,3,0
1117,60,4,5,3,0
1118,0,5,2,2,1
1119,0,5,1,3,0
1120,70,4,5,1,0
1121,30,5,2,3,0
1122,40,4,3,2,1
1123,0,7,1,2,1
1124,85,2,2,1,0
1125,15,7,1,3,0
1126,60,5,3,2,1
1127,85,2,3,3,0
1129,100,4,4,1,0
1130,70,2,3,4,0
1131,85,4,4,1,0
1134,100,3,4,1,0
1135,50,3,3,1,0
1136,70,5,3,1,0
1139,85,2,3,1,0
1140,70,4,4,1,0
1141,70,4,3,1,0
1142,0,6,1,2,1
1143,60,3,3,3,0
1145,100,4,5,5,0
1146,60,3,3,3,0
1150,85,6,6,1,0
1151,85,4,3,1,0
1152,85,3,5,3,0
1153,79,4,4,1,0
1154,70,4,3,1,0
1156,60,3,3,3,0
1157,60,5,2,2,1
1158,70,2,2,1,0
1159,85,3,3,1,0
1160,60,3,2,3,0
1161,50,3,4,2,1
1163,0,5,1,2,1
1164,90,2,3,1,0
1167,30,6,2,2,1
1168,85,5,3,3,0
1169,30,6,1,2,1
1170,70,4,3,3,0
1172,85,5,6,1,0
1173,85,2,3,1,0
1174,40,5,2,2,1
1175,100,6,4,1,0
1176,40,5,2,2,1
1177,30,6,2,2,1
1178,0,4,2,3,0
1179,70,3,6,1,0
1180,15,6,2,2,1
1181,100,2,2,1,0
1182,85,4,4,3,0
1184,0,5,1,2,1
1185,60,6,2,3,0
1187,0,6,1,2,1
1189,30,6,2,2,1
1191,70,4,2,3,0
1192,85,1,2,1,0
1197,85,3,5,1,0
1198,30,6,2,2,1
1199,15,6,1,2,1
1200,85,6,4,1,0
1201,85,3,2,3,0
1202,60,5,4,2,1
1203,70,1,2,1,0
1204,60,6,2,2,1
1206,85,4,2,3,0
1208,50,4,4,2,1
1209,15,5,1,2,1
1210,30,6,3,2,1
1211,0,6,2,2,1
1212,60,3,2,3,0
1214,15,5,1,2,1
1215,55,6,2,2,1
1217,85,2,3,1,0
1218,15,6,2,2,1
1221,85,4,4,3,0
1222,70,3,3,1,0
1223,85,3,4,1,0
1228,85,5,6,1,0
1231,15,4,3,2,1
1232,60,5,4,1,0
1233,15,6,2,3,0
1234,0,6,1,2,1
1235,0,6,1,2,1
1237,85,3,2,1,0
1238,85,5,3,3,0
1239,85,4,4,1,0
1240,70,4,4,5,0
1241,60,5,3,3,0
1243,30,6,2,2,1
1245,60,5,2,3,0
1246,50,6,2,2,1
1247,85,3,2,1,0
1248,70,4,4,2,1
1249,85,3,2,1,0
1250,85,4,1,2,1
1252,85,5,4,1,0
1253,85,2,1,1,0
1256,90,4,5,5,0
1257,50,6,2,2,1
1259,85,4,4,1,0
1260,100,5,5,1,0
1261,60,4,3,1,0
1262,70,4,3,2,1
1263,60,5,5,1,0
1266,15,6,2,2,1
1267,0,6,2,2,1
1269,70,4,4,1,0
1272,85,4,3,1,0
1274,30,5,2,2,1
1275,70,4,4,1,0
1278,70,5,4,3,0
1279,100,7,1,1,0
1281,10,5,4,1,0
1282,85,2,2,1,0
1283,30,7,1,2,1
1284,85,4,2,3,0
1285,60,4,2,1,0
1286,0,4,3,2,1
1287,85,4,5,1,0
1288,50,5,4,2,1
1289,85,5,3,1,0
1291,85,4,3,3,0
1292,100,4,4,1,0
1293,60,4,2,3,0
1294,100,3,3,1,0
1295,60,4,2,1,0
1296,15,6,1,2,1
1297,100,4,1,3,0
1299,30,4,2,2,1
1300,60,5,2,3,0
1301,75,6,2,5,0
1303,60,4,2,3,0
1304,100,5,6,1,0
1305,85,4,3,1,0
1309,100,4,4,1,0
1310,85,4,3,1,0
1311,85,4,2,1,0
1312,15,6,2,2,1
1313,15,6,1,2,1
1314,70,4,3,5,0
1315,15,6,2,2,1
1316,85,5,3,3,0
1317,50,5,3,2,1
1318,40,5,2,5,0
1319,85,2,3,1,0
1322,100,4,6,1,0
1323,100,4,3,1,0
1324,50,6,1,2,1
1325,15,6,1,3,0
1326,100,4,2,1,0
1327,40,3,2,2,1
1330,30,5,2,2,1
1332,85,3,3,1,0
1333,85,4,5,1,0
1336,70,3,4,2,1
1337,50,6,2,3,0
1339,70,2,4,5,0
1340,85,2,4,1,0
1341,15,6,2,2,1
1344,85,5,3,1,0
1345,15,6,2,2,1
1346,0,7,1,1,0
1349,30,5,1,2,1
1350,100,3,3,1,0
1352,0,5,1,5,0
1354,60,6,1,2,1
1356,85,3,4,1,0
1357,70,4,3,1,0
1358,40,5,4,2,1
1359,0,6,2,2,1
1360,85,5,3,2,1
1362,85,2,4,1,0
1363,30,6,2,3,0
1364,60,4,5,3,0
1365,70,6,2,2,1
1366,100,4,2,1,0
1368,85,4,4,1,0
1370,30,5,2,2,1
1371,0,6,1,3,0
1373,40,7,3,2,1
1376,60,4,2,2,1
1379,70,4,2,1,0
1380,0,6,1,2,1
1382,60,6,1,2,1
1384,0,4,2,2,1
1385,60,4,3,2,1
1386,0,6,2,3,0
1387,0,6,1,2,1
1388,30,4,2,2,1
1389,0,5,2,3,0
1390,70,4,3,1,0
1392,100,5,6,1,0
1394,70,4,2,1,0
1395,70,5,2,3,0
1397,75,3,2,1,0
1398,60,3,2,3,0
1399,85,4,4,3,0
1400,70,4,2,1,0
1401,0,5,2,2,1
1403,50,3,4,2,1
1404,85,3,3,1,0
1405,70,3,4,1,0
1406,0,5,5,3,0
1407,50,6,1,1,0
1408,40,4,4,3,0
1409,90,2,2,1,0
1410,40,1,4,3,0
1411,60,4,5,2,1
1412,40,4,2,2,1
1413,40,4,6,3,0
1414,60,3,3,1,0
1415,70,2,3,3,0
1416,70,3,1,1,0
1417,80,5,2,1,0
1418,50,5,4,2,1
1419,70,2,3,1,0
1420,40,7,2,2,1
1421,0,4,1,2,1
1423,40,5,1,2,1
1424,85,4,4,3,0
1425,60,5,4,3,0
1426,85,5,2,1,0
1427,30,5,2,1,0
1428,30,5,2,3,0
1429,0,6,1,2,1
1430,15,5,3,2,1
1431,85,4,4,1,0
1432,75,3,3,1,0
1433,100,5,2,3,0
1435,70,4,3,5,0
1436,100,4,5,1,0
1437,0,6,1,2,1
1438,15,5,2,2,1
1439,40,6,4,5,0
1440,60,4,3,1,0
1442,60,4,4,3,0
1444,85,2,1,1,0
1445,70,3,3,3,0
1446,85,2,2,1,0
1448,50,4,3,3,0
1449,85,2,3,1,0
1450,15,4,2,2,1
1451,15,6,2,2,1
1452,40,5,2,2,1
1453,60,5,3,3,0
1454,15,6,2,2,1
1455,60,3,4,3,0
1456,70,2,3,1,0
1457,70,1,5,1,0
1458,70,2,2,1,0
1459,40,5,2,3,0
1461,0,6,1,2,1
1462,0,5,2,2,1
1464,85,3,3,1,0
1465,85,3,3,1,0
1466,100,4,4,3,0
1467,30,5,3,5,0
1468,60,6,6,1,0
1469,60,5,2,3,0
1470,60,2,3,2,1
1471,60,5,2,3,0
1473,85,3,3,1,0
1475,65,5,2,2,1
1476,85,6,6,3,0
1477,60,4,3,2,1
1479,100,4,4,1,0
1480,3,5,2,3,0
1481,85,2,3,1,0
1482,70,4,6,3,0
1483,50,4,1,1,0
1485,85,4,6,1,0
1486,100,3,6,3,0
1489,70,6,5,2,1
1490,85,4,4,1,0
1491,0,7,1,2,1
1492,85,6,7,1,0
1493,0,6,2,2,1
1494,85,2,3,1,0
1495,85,3,4,1,0
1496,85,4,4,3,0
1497,85,4,6,3,0
1500,85,3,5,1,0
1501,40,5,2,3,0
1502,0,6,1,2,1
1503,30,3,6,3,0
1504,70,5,5,3,0
1506,0,5,2,2,1
1507,85,6,3,1,0
1508,70,5,4,3,0
1509,0,6,2,2,1
1510,30,6,2,1,0
1513,30,6,2,2,1
1514,0,3,4,3,0
1515,100,4,3,1,0
1516,85,2,2,1,0
1517,70,3,4,3,0
1518,40,6,1,2,1
1521,15,6,2,3,0
1524,70,4,5,1,0
1527,30,4,2,5,0
1528,85,4,3,1,0
1529,60,4,4,3,0
1530,70,5,7,3,0
1531,60,6,3,2,1
1532,15,3,4,2,1
1533,0,6,2,2,1
1534,70,4,6,3,0
1535,15,4,2,3,0
1536,70,3,3,1,0
1537,40,5,3,2,1
1538,70,2,1,1,0
1539,85,5,3,1,0
1540,30,6,2,2,1
1541,70,4,2,1,0
1542,85,5,4,1,0
1543,85,5,6,5,0
1544,60,3,2,3,0
1545,85,3,5,1,0
1546,60,4,2,1,0
1547,30,6,1,3,0
1550,70,4,5,3,0
1552,85,4,4,1,0
1553,70,5,3,3,0
1554,40,4,4,2,1
1555,60,4,4,2,1
1556,85,4,6,1,0
1557,70,3,5,3,0
1559,15,6,2,2,1
1560,60,6,5,1,0
1561,100,4,2,1,0
1563,0,5,2,2,1
1564,100,6,7,1,0
1565,15,5,4,2,1
1566,85,3,3,1,0
1567,85,3,4,3,0
1568,100,2,2,1,0
1570,70,3,2,5,0
1571,15,6,1,2,1
1572,85,2,2,1,0
1573,100,4,3,1,0
1574,85,5,3,1,0
1575,0,7,1,2,1
1576,85,3,4,1,0
1577,60,5,2,2,1
1578,85,2,3,3,0
1580,60,3,2,3,0
1581,85,2,4,1,0
1582,50,4,2,2,1
1583,70,4,6,1,0
1584,50,4,3,3,0
1586,70,1,3,1,0
1587,60,5,2,3,0
1588,85,3,4,1,0
1589,70,4,4,3,0
1591,50,4,2,3,0
1592,75,2,3,1,0
1593,90,2,4,1,0
1594,65,1,4,3,0
1596,60,4,3,3,0
1597,60,5,3,1,0
1598,85,6,6,1,0
1599,60,3,3,1,0
1600,85,2,4,1,0
1602,85,4,4,5,0
1603,30,4,1,2,1
1604,30,6,4,2,1
1605,60,4,2,5,0
1606,50,5,3,1,0
1607,70,2,2,1,0
1608,30,7,1,2,1
1610,85,4,5,1,0
1613,40,5,1,3,0
1615,50,5,3,2,1
1616,70,5,4,3,0
1617,60,4,2,3,0
1618,15,6,2,2,1
1620,85,2,3,1,0
1621,0,6,2,3,0
1622,85,2,3,1,0
1623,70,5,3,2,1
1624,0,5,2,2,1
1626,0,7,1,2,1
1627,85,4,6,5,0
1628,85,6,5,3,0
1629,30,5,2,1,0
1631,60,3,7,3,0
1632,30,6,2,3,0
1634,100,4,4,1,0
1635,70,4,4,2,1
1636,30,6,2,2,1
1637,70,1,2,1,0
1638,85,3,3,3,0
1639,40,5,3,3,0
1640,15,6,2,2,1
1641,85,2,3,1,0
1642,70,5,5,1,0
1644,0,5,4,3,0
1645,70,4,4,1,0
1646,15,6,2,2,1
1647,100,1,3,1,0
1649,15,6,2,2,1
1650,60,3,2,1,0
1652,60,4,1,3,0
1654,60,3,4,1,0
1655,0,6,1,2,1
1656,30,2,4,2,1
1657,40,5,2,3,0
1658,15,4,1,2,1
1659,30,4,2,2,1
1660,60,4,4,3,0
1661,60,3,3,1,0
1662,85,2,2,3,0
1663,40,6,3,2,1
1664,50,7,5,3,0
1665,30,5,3,3,0
1666,70,4,2,3,0
1668,85,3,3,1,0
1669,85,4,3,1,0
1670,60,2,3,5,0
1671,65,5,2,3,0
1672,70,3,4,1,0
1673,85,4,5,1,0
1676,15,4,2,2,1
1678,60,4,6,1,0
1680,85,2,4,1,0
1681,5,6,1,2,1
1682,60,4,5,1,0
1683,100,2,2,1,0
1684,70,5,4,2,1
1685,30,6,2,2,1
1686,15,7,3,2,1
1687,70,2,3,1,0
1688,70,1,4,1,0
1690,85,3,5,1,0
1691,0,4,1,2,1
1692,70,3,5,2,1
1694,30,4,2,2,1
1695,85,4,3,1,0
1696,70,6,4,1,0
1697,70,5,3,3,0
1698,60,4,4,3,0
1699,60,5,2,3,0
1700,70,4,4,1,0
1701,15,6,2,2,1
1702,10,6,2,2,1
1706,70,4,2,1,0
1707,70,4,5,5,0
1708,65,4,2,1,0
1709,40,6,2,3,0
1710,100,4,7,1,0
1711,100,4,4,1,0
1712,60,4,2,3,0
1714,30,5,2,3,0
1715,0,5,2,3,0
1717,0,6,1,3,0
1718,0,6,1,2,1
1719,15,5,2,3,0
1720,60,4,1,3,0
1721,40,5,2,3,0
1722,85,2,2,1,0
1723,40,6,2,2,1
1724,0,6,1,2,1
1725,60,3,4,3,0
1726,0,7,1,3,0
1727,50,6,2,2,1
1728,85,2,2,1,0
1729,50,2,1,2,1
1730,100,4,5,1,0
1732,70,3,4,5,0
1734,85,4,5,1,0
1735,70,6,4,1,0
1736,70,2,4,1,0
1737,85,5,3,1,0
1739,60,4,4,2,1
1742,0,6,2,2,1
1743,50,4,5,1,0
1744,30,5,4,3,0
1745,30,6,1,2,1
1746,85,4,2,3,0
1747,70,5,4,1,0
1749,85,4,4,3,0
1750,70,4,3,3,0
1751,30,4,3,2,1
1752,65,1,4,4,0
1753,85,3,3,1,0
1754,40,3,3,3,0
1755,40,5,2,2,1
1757,48,5,2,2,1
1758,0,7,1,2,1
1761,65,4,4,3,0
1762,60,4,3,3,0
1763,40,6,2,2,1
1764,35,5,3,3,0
1765,60,4,3,2,1
1766,85,3,2,1,0
1767,0,6,2,2,1
1768,30,6,3,3,0
1769,85,4,5,1,0
1771,60,5,3,3,0
1772,60,6,2,3,0
1773,30,5,4,1,0
1774,70,4,3,3,0
1775,60,4,2,3,0
1776,15,6,2,3,0
1777,85,2,4,1,0
1778,70,3,2,1,0
1781,85,3,4,5,0
1783,85,4,4,1,0
1785,85,4,6,1,0
1786,75,4,5,1,0
1787,100,5,7,1,0
1791,100,2,2,1,0
1792,0,1,1,4,0
1793,100,4,4,3,0
1794,85,4,4,1,0
1795,100,4,6,1,0
1796,70,5,5,2,1
1798,100,4,7,1,0
1800,15,6,3,2,1
1801,40,6,2,5,0
1802,70,1,4,1,0
1803,85,4,2,3,0
1804,100,6,6,1,0
1805,85,4,3,3,0
1807,85,4,3,5,0
1808,85,3,2,1,0
1809,70,3,4,1,0
1811,70,4,6,3,0
1812,50,5,5,3,0
1813,70,4,3,3,0
1814,70,4,2,2,1
1815,85,2,3,1,0
1816,15,4,2,3,0
1817,80,3,2,1,0
1819,0,4,1,3,0
1820,84,2,3,1,0
1821,85,4,2,1,0
1822,30,6,1,2,1
1823,60,6,3,3,0
1824,70,4,3,3,0
1825,85,4,6,1,0
1826,70,5,5,1,0
1828,15,6,2,2,1
1832,70,3,2,3,0
1834,60,4,3,1,0
1835,40,4,3,2,1
1837,60,4,2,3,0
1839,75,4,4,5,0
1840,0,6,1,2,1
1842,80,4,4,3,0
1843,30,6,1,2,1
1844,15,4,2,5,0
1846,85,4,5,1,0
1847,0,4,3,3,0
1849,40,5,2,2,1
1850,100,4,4,1,0
1852,0,5,1,3,0
1853,70,4,5,3,0
1854,30,5,2,2,1
1855,100,4,4,1,0
1857,30,5,3,2,1
1859,70,6,3,2,1
1863,0,6,1,3,0
1865,70,4,3,1,0
1866,20,5,3,2,1
1867,70,3,3,1,0
1870,60,5,5,1,0
1871,100,6,7,1,0
1872,60,5,4,1,0
1874,60,4,6,1,0
1876,15,6,3,2,1
1878,0,7,2,2,1
1879,85,7,6,3,0
1880,60,3,2,2,1
1882,40,5,2,2,1
1883,70,5,4,2,1
1885,0,6,1,2,1
1886,70,3,6,3,0
1887,60,4,1,1,0
1888,60,5,4,3,0
1890,40,6,3,2,1
1891,15,6,3,2,1
1895,30,4,5,2,1
1896,15,6,3,2,1
1898,60,5,3,1,0
1900,40,5,2,3,0
1901,50,4,4,1,0
1902,70,1,2,1,0
1903,70,6,5,1,0
1904,70,6,3,1,0
1905,85,5,5,1,0
1906,85,3,4,3,0
1907,40,6,4,5,0
1908,15,6,2,2,1
1909,85,3,2,1,0
1910,0,4,2,5,0
1911,85,4,3,3,0
1912,70,6,2,2,1
1913,0,4,1,3,0
1915,70,3,3,3,0
1917,85,2,2,1,0
1918,15,4,1,3,0
1919,60,3,2,1,0
1920,100,4,4,1,0
1921,85,3,6,1,0
1923,85,4,3,1,0
1924,60,2,3,1,0
1925,70,5,4,3,0
1926,60,5,2,2,1
1928,60,4,2,3,0
1929,60,4,2,1,0
1930,70,4,5,5,0
1931,85,3,2,1,0
1932,85,6,5,1,0
1933,60,4,2,1,0
1934,0,5,1,2,1
1935,70,3,3,5,0
1936,60,5,4,1,0
1937,40,6,2,2,1
1938,70,4,5,2,1
1939,60,6,3,2,1
1940,50,4,2,3,0
1941,30,6,2,2,1
1942,50,4,3,3,0
1944,85,2,2,1,0
1947,0,6,1,2,1
1948,15,6,3,1,0
1949,0,6,1,2,1
1950,0,7,1,2,1
1951,100,7,7,2,1
1952,85,6,5,2,1
1954,50,4,4,3,0
1955,85,5,6,1,0
1956,40,4,2,3,0
1957,90,2,2,1,0
1958,98,7,7,1,0
1959,85,4,3,1,0
1960,55,6,3,5,0
1962,85,4,6,1,0
1963,100,3,2,1,0
1964,70,3,4,1,0
1965,85,3,4,1,0
1966,0,4,3,2,1
1967,100,6,7,1,0
1969,50,4,2,3,0
1970,70,3,3,3,0
1971,15,5,2,2,1
1972,90,2,2,1,0
1973,85,2,2,1,0
1974,60,6,4,2,1
1975,80,4,3,3,0
1976,30,6,2,2,1
1977,0,5,2,2,1
1979,100,4,4,1,0
1980,0,4,1,2,1
1981,60,4,3,3,0
1983,60,3,4,1,0
1984,50,5,2,2,1
1986,70,3,4,1,0
1987,100,3,3,1,0
1988,85,2,3,1,0
1989,85,4,4,1,0
1991,85,3,2,1,0
1992,85,4,5,1,0
1993,0,6,2,2,1
1994,85,4,4,5,0
1995,85,4,4,1,0
1996,100,4,6,1,0
1997,100,6,5,1,0
1998,0,3,4,3,0
2000,85,6,7,2,1
2001,30,6,3,2,1
2002,70,4,2,5,0
2003,70,3,2,2,1
2004,85,4,3,1,0
2005,30,6,2,2,1
2006,50,5,2,2,1
2007,70,4,5,1,0
2008,70,3,3,1,0
2009,100,2,2,1,0
2010,85,5,2,3,0
2012,30,6,2,3,0
2013,30,5,1,2,1
2014,40,4,3,2,1
2015,70,4,3,3,0
2016,30,6,3,2,1
2017,100,3,3,1,0
2018,70,3,2,5,0
2019,0,6,2,2,1
2020,75,2,3,1,0
2021,5,5,2,3,0
2022,85,3,2,1,0
2023,0,7,1,2,1
2024,60,4,4,3,0
2025,15,5,2,3,0
2026,60,3,2,1,0
2027,5,5,4,5,0
2028,0,2,4,3,0
2030,85,2,3,1,0
2031,70,2,2,1,0
2033,70,3,3,1,0
2034,75,3,5,1,0
2035,67,4,2,2,1
2036,70,3,3,1,0
2037,60,2,3,3,0
2038,70,3,3,1,0
2040,0,6,1,2,1
2041,50,4,5,3,0
2043,0,6,1,2,1
2044,100,4,2,1,0
2045,80,2,3,3,0
2046,85,4,4,3,0
2047,30,6,2,2,1
2048,60,3,3,1,0
2049,30,4,2,2,1
2050,40,6,2,2,1
2051,15,4,2,2,1
2052,60,2,4,1,0
2053,70,3,3,1,0
2058,0,6,1,2,1
2059,30,6,1,2,1
2060,15,5,2,3,0
2061,50,7,1,2,1
2062,30,6,2,2,1
2063,60,6,5,1,0
2064,0,7,1,5,0
2066,60,5,3,2,1
2067,70,4,2,3,0
2068,100,2,1,1,0
2069,60,4,2,2,1
2071,15,6,2,2,1
2072,70,4,4,3,0
2073,85,3,2,5,0
2075,0,6,1,2,1
2076,15,5,2,2,1
2078,0,6,2,2,1
2079,0,6,3,2,1
2080,60,5,2,2,1
2081,40,5,2,2,1
2082,15,4,3,3,0
2083,40,5,3,2,1
2084,100,5,2,1,0
2086,85,3,4,5,0
2087,85,3,4,3,0
2088,40,3,2,2,1
2089,15,6,2,2,1
2090,15,6,2,2,1
2091,15,4,2,2,1
2092,0,6,1,2,1
2094,65,3,3,3,0
2095,70,5,6,1,0
2097,0,4,4,3,0
2098,85,4,3,1,0
2099,15,5,4,5,0
2101,85,3,4,1,0
2102,70,4,5,2,1
2103,0,6,2,2,1
2109,85,5,5,3,0
2110,50,6,2,3,0
2115,70,6,7,3,0
2119,30,7,1,2,1
2120,0,4,1,5,0
2121,90,1,1,1,0
2123,50,1,3,1,0
2124,70,2,3,3,0
2125,85,3,4,1,0
2126,40,5,2,2,1
2127,70,5,2,2,1
2128,85,3,3,1,0
2129,100,2,2,1,0
2130,15,4,5,3,0
2131,100,5,6,1,0
2132,60,3,3,1,0
2133,30,6,2,3,0
2134,30,6,2,2,1
2135,50,5,2,2,1
2138,100,6,4,1,0
2140,60,4,4,5,0
2141,60,4,3,1,0
2142,70,2,2,1,0
2143,15,5,3,5,0
2144,60,5,3,1,0
2145,85,2,4,3,0
2146,85,1,1,1,0
2147,0,6,1,2,1
2148,51,5,2,5,0
2150,100,4,6,1,0
2153,0,6,1,2,1
2156,70,5,2,2,1
2157,70,5,2,2,1
2158,65,4,3,3,0
2159,15,6,3,2,1
2160,70,2,2,3,0
2161,1,7,1,2,1
2162,30,6,1,2,1
2163,85,3,1,1,0
2164,40,6,2,2,1
2165,70,5,3,3,0
2166,85,5,4,3,0
2167,70,4,2,3,0
2168,70,3,4,4,0
2169,80,2,3,1,0
2170,80,4,3,3,0
2171,70,3,4,1,0
2172,50,5,2,1,0
2173,70,5,2,1,0
2174,7,6,2,2,1
2176,80,5,3,2,1
2177,0,6,2,2,1
2178,85,5,4,2,1
2179,0,4,3,2,1
2180,15,6,3,2,1
2181,100,7,7,1,0
2183,25,7,3,3,0
2184,85,3,4,1,0
2185,70,3,2,3,0
2186,85,2,3,1,0
2187,70,5,3,3,0
2188,50,6,2,2,1
2189,0,6,2,2,1
2190,100,4,2,2,1
2192,50,4,4,1,0
2193,40,4,3,3,0
2194,62,2,2,3,0
2195,15,6,2,2,1
2196,70,4,3,1,0
2197,60,4,2,2,1
2199,30,6,1,2,1
2200,30,6,2,2,1
2202,35,6,2,2,1
2205,50,3,4,2,1
2206,70,3,3,2,1
2208,85,2,2,1,0
2210,85,6,2,2,1
2211,0,6,2,2,1
2212,70,5,3,2,1
2214,70,4,3,2,1
2215,85,3,4,3,0
2216,100,4,4,2,1
2217,75,6,4,2,1
2218,50,5,2,2,1
2219,50,5,2,3,0
2220,35,6,2,2,1
2221,96,3,2,1,0
2222,70,4,2,3,0
2223,70,5,4,2,1
2224,85,5,3,2,1
2225,30,5,2,2,1
2227,60,5,3,5,0
2228,15,6,1,2,1
2229,70,3,2,3,0
2230,0,4,2,1,0
2231,85,2,4,1,0
2232,60,4,4,3,0
2233,70,4,3,3,0
2234,100,4,4,1,0
2235,40,4,2,2,1
2236,40,4,2,5,0
2237,15,6,2,2,1
2238,70,4,5,2,1
2239,70,3,2,3,0
2240,85,4,2,1,0
2241,30,6,2,3,0
2242,0,5,1,2,1
2243,70,6,5,3,0
2244,60,6,4,2,1
2245,30,5,2,2,1
2246,40,6,3,2,1
2247,70,5,3,2,1
2248,0,6,2,2,1
2249,90,5,4,1,0
2250,90,3,3,1,0
2251,75,4,4,1,0
2253,75,4,4,1,0
2254,70,6,5,1,0
2255,50,3,2,1,0
2256,85,2,2,1,0
2257,75,2,3,2,1
2258,70,4,2,3,0
2259,15,6,3,2,1
2260,30,5,5,2,1
2261,100,4,4,1,0
2262,100,4,4,1,0
2263,60,5,3,2,1
2264,60,5,2,2,1
2265,100,2,2,1,0
2267,70,5,3,3,0
2268,75,3,4,3,0
2269,40,6,2,2,1
2270,85,4,3,1,0
2271,90,5,4,1,0
2272,100,6,7,1,0
2273,75,4,5,1,0
2274,95,4,2,2,1
2275,85,3,3,1,0
2276,50,6,2,2,1
2277,80,3,3,3,0
2278,50,4,4,3,0
2280,60,4,2,2,1
2281,0,6,2,2,1
2282,15,7,2,2,1
2283,50,5,4,2,1
2284,100,3,3,1,0
2285,15,6,1,2,1
2286,100,4,4,2,1
2287,85,6,5,1,0
2289,100,5,2,1,0
2290,100,3,6,1,0
2291,85,3,4,1,0
2292,60,4,2,5,0
2293,70,4,3,1,0
2294,85,3,5,1,0
2296,100,7,7,3,0
2297,85,1,3,1,0
2298,15,5,1,1,0
2300,25,5,1,3,0
2301,50,5,3,3,0
2302,70,4,3,1,0
2303,30,6,2,2,1
2305,20,6,3,2,1
2306,100,5,3,1,0
2307,85,3,3,1,0
2308,15,6,2,2,1
2309,70,2,3,1,0
2310,70,3,2,3,0
2311,70,4,2,3,0
2312,15,7,2,2,1
2313,30,6,2,2,1
2314,50,4,4,2,1
2315,0,7,2,2,1
2316,70,3,4,1,0
2318,80,2,2,3,0
3001,0,6,2,3,0
3002,0,6,2,5,0
3003,100,4,4,1,0
3004,85,4,4,1,0
3010,85,4,4,1,0
3012,60,4,4,3,0
3014,50,4,4,3,0
3016,15,4,6,3,0
3017,65,6,2,2,1
3018,70,3,2,1,0
3020,50,4,5,3,0
3021,85,5,4,5,0
3022,70,4,6,3,0
3023,60,4,5,2,1
3025,85,5,2,3,0
3026,60,6,3,2,1
3027,70,2,3,1,0
3028,70,4,3,3,0
3030,50,2,3,1,0
3031,90,4,2,3,0
3033,70,5,2,1,0
3034,60,2,4,1,0
3037,60,4,2,3,0
3038,100,2,5,1,0
3041,40,4,2,3,0
3045,50,6,4,5,0
3046,85,4,2,1,0
3049,0,5,2,3,0
3050,85,5,3,1,0
3051,60,6,2,1,0
3052,40,5,3,2,1
3053,85,2,3,3,0
3055,75,2,3,3,0
3057,40,2,3,5,0
3058,60,6,2,2,1
3061,40,4,3,3,0
3065,60,2,2,1,0
3067,100,2,2,1,0
3068,100,6,7,1,0
3070,100,2,2,1,0
3072,70,4,4,5,0
3073,30,5,3,3,0
3075,30,5,2,2,1
3076,60,3,5,2,1
3079,70,4,4,1,0
3080,60,4,2,3,0
3082,100,3,4,1,0
3084,85,3,7,1,0
3086,40,2,5,3,0
3089,60,4,4,3,0
3090,0,6,3,2,1
3093,15,4,2,3,0
3095,70,4,5,5,0
3096,0,6,2,2,1
3098,70,4,3,3,0
3099,30,5,2,2,1
3100,87,4,5,5,0
3101,0,6,1,2,1
3102,80,3,2,5,0
3103,70,3,4,3,0
3104,15,6,2,2,1
3106,85,4,4,3,0
3108,85,2,3,1,0
3114,85,3,3,1,0
3115,70,1,1,1,0
3118,15,6,2,2,1
3119,60,6,3,3,0
3121,15,6,2,3,0
3122,85,2,2,1,0
3126,70,3,3,1,0
3129,40,4,5,3,0
3130,85,2,2,1,0
3133,70,6,4,3,0
3135,85,4,3,5,0
3140,60,4,4,2,1
3141,70,4,3,1,0
3142,85,4,4,1,0
3144,70,3,2,3,0
3146,60,5,2,2,1
3147,30,5,2,2,1
3148,60,2,4,3,0
3149,70,3,3,1,0
3150,0,6,2,2,1
3151,0,5,6,1,0
3153,30,6,2,2,1
3154,60,1,4,3,0
3155,70,2,3,1,0
3156,60,2,4,3,0
3157,60,3,3,1,0
3158,70,2,2,1,0
3159,50,6,1,2,1
3160,40,6,3,2,1
3161,100,4,4,1,0
3162,70,2,4,1,0
3163,70,3,3,3,0
3164,85,1,2,3,0
3165,15,4,3,3,0
3168,100,5,5,1,0
3170,30,6,3,2,1
3171,60,6,2,2,1
3173,30,6,2,2,1
3177,70,2,3,1,0
3178,70,3,3,1,0
3179,70,2,3,3,0
3180,70,5,6,1,0
3181,70,3,4,1,0
3182,100,4,4,3,0
3183,70,2,4,3,0
3184,30,5,3,2,1
3185,70,6,3,3,0
3186,30,6,1,2,1
3187,0,7,2,2,1
3188,60,3,3,3,0
3189,40,4,4,3,0
3190,85,3,3,1,0
3191,0,6,1,2,1
3193,60,4,3,3,0
3194,50,6,3,2,1
3195,60,4,6,2,1
3196,100,4,1,1,0
3197,85,2,2,1,0
3198,0,5,2,2,1
3200,60,3,2,3,0
3201,60,4,2,3,0
3203,60,5,5,3,0
3204,30,5,2,2,1
3205,70,4,2,1,0
3206,40,6,3,2,1
3207,70,3,5,1,0
3209,85,2,2,1,0
3210,70,6,4,3,0
3214,40,6,3,2,1
3215,0,3,3,1,0
3216,70,4,4,1,0
3217,70,5,2,3,0
3218,90,3,4,1,0
3219,15,6,2,2,1
3221,70,3,2,3,0
3223,15,4,2,2,1
3224,85,4,3,1,0
3225,40,5,3,5,0
3226,0,4,1,2,1
3228,50,5,4,2,1
3229,85,2,2,1,0
3231,40,4,4,3,0
3232,60,6,4,5,0
3233,0,6,1,3,0
3234,30,3,4,2,1
3236,70,4,3,5,0
3237,70,2,4,1,0
3238,70,3,3,3,0
3241,70,5,6,2,1
3242,60,4,2,5,0
3243,70,4,3,3,0
3244,70,3,2,1,0
3245,30,6,2,2,1
3246,0,4,2,2,1
3248,0,4,1,3,0
3249,15,5,1,2,1
3251,90,2,2,1,0
3252,40,4,1,1,0
3256,40,4,4,5,0
3257,90,5,4,1,0
3258,100,1,1,3,0
3260,85,4,4,1,0
3261,40,5,1,2,1
3262,40,5,2,3,0
3263,50,5,3,5,0
3266,60,5,2,2,1
3267,70,5,5,1,0
3269,85,3,2,1,0
3273,50,4,6,3,0
3275,100,1,1,1,0
3278,60,5,4,3,0
3279,70,5,4,1,0
3280,60,4,4,3,0
3281,85,3,3,3,0
3282,60,4,4,3,0
3283,70,3,4,3,0
3285,30,5,1,2,1
3286,15,6,2,2,1
3287,85,2,3,1,0
3288,40,4,5,2,1
3289,0,4,1,2,1
3290,40,4,3,2,1
3291,70,4,5,3,0
3293,85,3,3,1,0
3294,40,5,3,2,1
3295,70,2,3,5,0
3296,15,7,2,2,1
3297,60,4,3,1,0
3298,70,5,3,2,1
3299,70,4,5,1,0
3300,40,6,2,2,1
3301,50,6,2,1,0
3302,70,3,4,1,0
3303,60,5,6,3,0
3304,100,1,2,1,0
3305,15,6,1,3,0
3306,100,4,6,1,0
3308,60,2,4,3,0
3309,100,5,7,1,0
3310,0,2,4,3,0
3312,85,4,4,1,0
3313,85,5,7,3,0
3314,85,3,2,1,0
3315,85,5,5,1,0
3316,70,4,3,1,0
3317,15,5,2,2,1
3318,70,4,4,2,1
3319,70,4,2,1,0
3320,40,5,2,2,1
3321,0,6,1,2,1
3323,30,6,4,3,0
3324,15,6,2,2,1
3325,60,4,5,2,1
3327,100,4,4,1,0
3328,30,6,3,3,0
3330,50,7,3,2,1
3331,60,6,2,2,1
3332,70,2,3,1,0
3333,70,4,4,2,1
3334,60,6,3,1,0
3335,85,6,5,1,0
3336,50,5,3,3,0
3337,100,4,7,1,0
3338,100,4,3,1,0
3340,30,4,2,3,0
3343,30,4,3,2,1
3344,70,4,3,1,0
3345,30,6,2,3,0
3346,70,4,3,2,1
3347,60,7,5,1,0
3349,0,4,2,2,1
3350,60,5,5,3,0
3351,70,3,3,1,0
3352,60,5,2,3,0
3354,100,4,6,1,0
3355,70,5,3,1,0
3356,85,3,3,1,0
3357,0,6,2,2,1
3358,30,5,2,2,1
3359,85,2,2,1,0
3361,75,3,3,1,0
3362,100,4,5,1,0
3363,80,4,2,5,0
3366,100,3,3,1,0
3368,60,5,4,2,1
3370,0,6,2,2,1
3371,50,6,4,3,0
3372,0,5,1,2,1
3373,50,6,4,2,1
3375,70,3,6,1,0
3376,70,4,4,2,1
3377,85,4,4,1,0
3379,70,4,5,1,0
3380,60,5,2,2,1
3381,0,3,1,2,1
3382,40,5,2,3,0
3383,85,4,3,1,0
3384,85,3,5,2,1
3385,15,2,3,1,0
3387,0,5,2,3,0
3388,70,6,6,1,0
3390,15,6,2,2,1
3391,100,2,1,1,0
3392,70,7,6,3,0
3395,0,5,1,2,1
3396,100,5,2,3,0
3397,15,6,2,2,1
3399,60,5,3,3,0
3400,70,6,5,1,0
3401,70,4,5,2,1
3402,50,2,4,2,1
3403,60,4,3,1,0
