dyadid,logdisputes,logtrade,IOs,contiguity,capratio,GDPgrowth
2020,1.0986123,9.9249697,56.54285714285714,1,16.00828565870012,1.5725714
2041,0,4.5643482,38.30735294117647,0,481.7968054199219,-.4664
2042,0,5.9914646,40.78787878787879,0,384.6121211196437,.8669697
2051,-.69314718,5.7838249,28.25735294117647,0,954.0924886067709,.22166666
2052,-.69314718,6.3829436,32.86176470588236,0,1207.892921447754,.13291663
2070,0,8.3414783,52.22857142857143,1,25.36257138933454,1.3094286
2090,.69314718,5.6637774,38.31566555431962,0,391.3247083776137,.75
2091,-.69314718,5.3273048,33.6764705882353,0,901.5620539048139,.64647055
2092,-.69314718,5.3936276,33.58333333333334,0,659.9296630859375,1.4283333
2093,1.9459101,5.1691055,36.74242424242424,0,868.8860589229699,.63696969
2094,-.69314718,5.3805556,35.12857142857143,0,1699.895141601563,1.0822856
2095,0,5.5041695,39.88571428571429,1,1024.525142124721,1.1634285
2100,-.69314718,6.9899936,42.62857142857143,0,62.75599986485073,1.05
2101,-.69314718,7.9773798,43.45714285714286,0,86.0928568158831,.49771428
2110,-.69314718,2.9957321,22.69901960784314,0,2458.444982910156,-1.704
2130,2.1972246,5.8034124,41.82857142857143,0,253.3425718035017,1.0834285
2135,1.3862944,6.546742,44.53030303030303,0,93.36909045595111,.75878787
2140,-.69314718,7.8193293,50.89705882352941,0,14.06029406715842,.78676468
2145,-.69314718,4.636919,35.54838709677419,0,321.3899988974295,.29870969
2150,-.69314718,1.7429694,35.45714285714286,0,656.0619986397879,.35514283
2155,0,6.4614682,43.12857142857143,0,84.96342849731445,.35514283
2160,-.69314718,6.6301236,50.10606060606061,0,29.64121223218513,.35666665
2165,-.69314718,4.8629994,41.33823529411764,0,310.7070563821231,-.25176471
2200,-.69314718,8.539793,62.37142857142857,0,6.515714291163853,1.6362857
2205,-.69314718,5.5041695,32.72857142857142,0,273.3354298182896,1.3968571
2210,-.69314718,7.7784505,55,0,34.03314279828753,1.4782857
2211,-.69314718,7.5951719,47.74285714285714,0,30.3988573891776,1.5294286
2212,-.69314718,7.5951719,32.3,0,125.6357151576451,.70314288
2220,-.69314718,7.9655457,62.37142857142857,0,7.870857102530343,1.7371428
2225,.69314718,7.0805073,38.85714285714285,0,114.1914284842355,1.2308571
2230,-.69314718,6.9014859,47.265625,0,18.44156266748905,1.5084375
2235,-.69314718,5.6084723,39.78787878787879,0,96.85515201453006,1.7003031
2260,-.69314718,8.6130896,50.90322580645162,0,5.681290380416378,1.6816128
2265,1.3862944,2.9311938,11.453125,0,21.22968761622906,1.68125
2290,0,5.5041695,33.42857142857143,0,13.36457140786307,.55342859
2305,0,5.4196782,42.46774193548387,0,56.74096796589513,1.7548387
2310,0,-.69314718,28.08823529411765,0,44.5976468815523,1.6032352
2315,1.7917595,2.8705692,30.05882352941176,0,20.57529421413646,.89470589
2325,-.69314718,7.8763671,50.95714285714286,0,10.99028575079782,1.7171428
2345,-.69314718,5.9449444,39.00288978494623,0,31.95181829279119,1.5260606
2350,1.0986123,5.8828306,40.44117647058823,0,72.21999987433938,1.7920588
2352,-.69314718,-.69314718,27.75,0,1460.341995239258,.1855
2355,0,-.69314718,21.7,0,59.51800003051758,1.5966667
2360,0,4.6975436,29.5,0,27.21870957651446,1.8251612
2365,3.4965076,6.0867748,32.74285714285713,1,1.315428566932678,1.4028572
2375,-.69314718,5.4065309,41.05714285714286,0,125.9405711582729,1.6154286
2380,-.69314718,6.8367195,45.82857142857143,0,41.87114325932094,1.4331429
2385,-.69314718,6.3073173,48.60000000000001,0,106.9694280896868,1.8197143
2390,-.69314718,6.1973166,48.51428571428572,0,105.6931428091867,1.3754286
2395,-.69314718,2.8415816,30.14285714285714,0,3340.790569196428,.77857143
2404,-.69314718,-.69314718,13.51111111111111,0,1885.27333577474,-2.3975
2432,-.69314718,-.69314718,18.8735294117647,0,498.6626109247622,-.75130433
2433,-.69314718,-.69314718,28.38627450980392,0,382.2939074972401,-.33913043
2434,-.69314718,-.69314718,20.24926470588235,0,912.4433339436849,-.39708334
2435,-.69314718,-.69314718,21.75294117647059,0,1966.939134680707,-.7852174
2436,-.69314718,-.69314718,20.2,0,835.7176013183594,-.24599999
2437,-.69314718,4.8520303,29.41176470588235,0,444.6591979980469,.64560002
2438,0,-.69314718,19.19950980392157,0,599.3324991861979,-.54041666
2439,-.69314718,-.69314718,26.04047619047619,0,612.0542088558799,.44842106
2450,-.69314718,4.8520303,20.5264705882353,0,1444.289211425781,-.98560005
2451,-.69314718,-.69314718,21.51911764705882,0,925.4543994140626,-.18400002
2452,-.69314718,5.2113061,28.29166666666667,0,234.7012475331624,-1.0733334
2461,-.69314718,-.69314718,20.175,0,1326.295205078125,.88639998
2471,-.69314718,3.8712008,28.16470588235294,0,373.4816003417969,1.382
2475,-.69314718,7.1793079,32.82,0,35.76519989013672,-1.7544
2481,-.69314718,4.4773369,22.54411764705883,0,3671.067163085937,.25440001
2482,-.69314718,-.69314718,20.58529411764706,0,1290.147394594939,-.73913044
2483,-.69314718,-.69314718,19.35555555555556,0,821.8770608340992,-.42588237
2484,-.69314718,3.4657357,20.71617647058823,0,1037.503195800781,.82599998
2490,-.69314718,5.1982341,28.43137254901961,0,78.93238103957404,-1.3533334
2500,-.69314718,2.3025849,24.71428571428572,0,308.6235023498535,-.78750002
2501,-.69314718,-.69314718,26.31617647058824,0,200.8147619338263,.53714287
2510,-.69314718,-.69314718,27.52254901960784,0,200.3065212083899,1.1034783
2516,-.69314718,-.69314718,19.70833333333333,0,919.2766636439732,.029523788
2517,-.69314718,-.69314718,18.86838235294118,0,846.2168190696023,-.088181853
2520,-.69314718,-.69314718,16.43676470588235,0,567.9240008544922,-1.1272
2530,-.69314718,3.9691815,18.73529411764706,0,112.344706030453,.71794116
2540,-.69314718,5.7336354,11.13333333333333,0,219.8127233331854,-5.1181817
2541,-.69314718,-.69314718,12.63333333333333,0,212.4199966430664,-4.974
2551,-.69314718,2.9004221,23.14485294117647,0,314.8868186257102,-1.7718183
2552,-.69314718,-.69314718,7.236842105263158,0,244.2226321571752,.81999999
2553,-.69314718,-.69314718,21.43382352941176,0,659.2957124255952,.71952379
2560,-.69314718,6.9847164,27.6,0,36.80342875889369,.68085712
2570,-.69314718,-.69314718,12,0,4076.065022786458,1.5333333
2571,-.69314718,-.69314718,11,0,7451.981689453125,1.7933333
2590,-.69314718,-.69314718,24.38357843137255,0,2459.981682671441,.37333333
2600,-.69314718,4.8415589,29.43424501424501,0,90.56233367919921,.80199999
2615,-.69314718,6.7271714,28.45,0,88.49173885843028,1.4208696
2616,-.69314718,2.7725885,32.6514705882353,0,289.5763977050781,1.3944
2625,-.69314718,-.69314718,24.22222222222222,0,172.796924004188,-.41576925
2630,1.7917595,6.8807268,33.84501424501425,0,30.96433321634929,-.14733332
2640,-.69314718,6.1786761,37.88235294117647,0,25.12117641112384,1.1397059
2645,.69314718,5.0514574,25.93336693548387,0,80.45406246185303,-.23406251
2651,2.1972246,5.9616117,36.26470588235294,0,30.77676464529598,1.2152941
2652,1.3862944,2.7725885,25.99264705882353,0,94.99000045776367,.84279996
2663,-.69314718,4.0615549,21.45161290322581,0,292.9777398878528,.10935481
2666,0,6.4769721,33.8449932795699,0,116.5428106784821,1.1374999
2670,-.69314718,7.6889133,20.75588235294117,0,105.1215996551514,-.27400002
2678,-.69314718,-.69314718,17.3125,0,340.0349969863892,1.17125
2690,-.69314718,5.5640206,22.39019607843137,0,550.1808737049932,-7.3173914
2696,-.69314718,6.6333184,19.48888888888889,0,553.3046702067057,-3.4033334
2698,-.69314718,5.0751739,23,0,848.3460021972656,1.108
2700,-.69314718,-.69314718,21.95,0,119.7104010009766,-.73000002
2710,2.7725887,6.1991038,20.67307692307692,0,1.925384604013883,1.8134615
2732,-.69314718,7.3460102,31.0707997311828,0,19.03000006079674,1.6721874
2740,-.69314718,9.2068043,55.15272177419356,0,4.80117648489335,1.8355882
2750,-.69314718,7.1501412,42.58571428571429,0,4.169999967302595,.57800001
2770,-.69314718,5.768321,36.61428571428571,0,20.20457150595529,.63885713
2771,-.69314718,5.035953,29.31111111111111,0,34.12769200251653,.42538458
2775,-.69314718,-.69314718,23.1,0,76.20857173374721,1.1437143
2780,-.69314718,4.3369064,30.11764705882353,0,234.5123533361098,.76058823
2790,-.69314718,-.69314718,24.70588235294118,0,248.5065194834833,.51956522
2800,-.69314718,5.975204,32.82258064516129,0,58.62870880865282,.67548388
2820,-.69314718,6.5247631,34.10588235294118,0,114.4072719920765,1.5968182
2830,-.69314718,6.807672,29.58823529411765,0,200.0414290655227,1.645238
2840,-.69314718,7.0995555,32.61428571428571,0,57.43114329746791,1.1357143
2850,-.69314718,7.1186504,39.52254901960784,0,13.97826101987258,.44826087
2900,-.69314718,7.3376808,47.8,0,28.57514299665178,1.0234286
2910,-.69314718,-.69314718,24.02222222222222,0,1651.800982666016,-1.441
2920,-.69314718,6.0056491,37.21428571428572,0,304.2179997035435,.45885715
20200,-.69314718,9.5500727,61.18571428571428,0,2.573428566115243,1.5377142
20220,-.69314718,7.7065487,52.01428571428571,0,2.044285716329302,1.8882858
20365,0,5.9289441,30.50228494623656,0,13.15848489241167,1.8166666
20710,1.0986123,6.4965596,17.41428571428571,0,8.395999990190779,.75742859
41042,-.69314718,6.0340242,43.86666666666667,1,1.555217390475066,-.42173916
41051,-.69314718,6.0715075,28.90073529411765,1,1.982083340485891,-1.6083333
41200,0,-.69314718,27.15000000000001,0,74.58959991455077,-.4668
41220,-.69314718,2.7725885,29.36470588235294,0,63.87919990539551,-.28280002
41710,-.69314718,-.69314718,18.27426470588236,0,295.0368222323331,.11590908
42200,-.69314718,5.3281703,31.16666666666667,0,65.54060577623773,1.0721213
42220,-.69314718,1.8018097,31.65151515151515,0,49.46363628271854,1.9163636
42365,-.69314718,-.69314718,22.20073529411765,0,279.2054575139826,1.3181819
42710,-.69314718,-.69314718,20.59901960784314,0,188.7960875137993,1.5060869
51200,-.69314718,6.820744,32.87941176470589,0,139.1679169336955,.12416666
51220,-.69314718,-.69314718,23.97916666666667,0,121.7799987792969,.92500001
51365,-.69314718,-.69314718,14.88455882352941,0,836.729550448331,.78818178
51710,-.69314718,-.69314718,15.91176470588235,0,576.5559123646129,.76499999
52101,-.69314718,8.3987846,32.12745098039215,1,19.34416675567627,-.20458336
52200,-.69314718,6.7930923,34.25392156862745,0,176.8854169845581,.27833331
52220,-.69314718,4.3174882,24.89264705882353,0,154.4104159673055,.99791664
52365,-.69314718,-.69314718,16.43602941176471,0,1036.913638028232,.45454544
52710,-.69314718,-.69314718,16.45588235294118,0,715.1904546564275,1.515
70090,1.6094379,5.2376928,42.83932146829811,1,16.46147054784438,1.1158824
70200,-.69314718,6.5871563,40.8,0,4.395714293207441,1.4214286
70220,-.69314718,6.8367195,43.1,0,3.278857128960746,2.2228572
70365,-.69314718,-.69314718,26.80784313725491,0,16.9039130832838,1.8652173
70710,-.69314718,3.9545827,20.52156862745098,0,11.3247826617697,2.1426086
90091,-.69314718,7.9714208,42.6823878383389,1,2.178787870840593,.52212119
90092,0,9.2355375,44.29934879934879,1,1.613448278657321,.83999997
90200,1.0986123,3.8513985,26.43503893214683,0,68.17499985414393,.97088236
90220,-.69314718,2.8705692,26.6689284390063,0,51.9379409902236,1.1947058
90365,-.69314718,-.69314718,18.03030303030303,0,304.336191086542,1.2590476
90710,-.69314718,2.9469421,18.94545454545455,0,202.5523819696336,1.0638095
91092,1.0986123,8.9376564,41.28333333333333,1,1.391666654745738,.91366667
91093,1.7917595,7.8775868,43.4375,1,1.156562488526106,-.054687504
91200,-.69314718,-.69314718,21.27941176470588,0,159.5267641404096,.64852941
91220,-.69314718,-.69314718,22.32258064516129,0,111.0667742452314,.84032261
91365,-.69314718,-.69314718,15.12261904761905,0,545.9295269194104,.98428571
91710,-.69314718,-.69314718,18.21071428571429,0,362.8709520612444,.83619046
92093,-.69314718,8.6928253,43.58333333333334,1,1.378999984264374,1.2536666
92200,-.69314718,1.8971199,21.58333333333333,0,116.635667292277,1.5016667
92220,-.69314718,-.69314718,21.91666666666667,0,85.46600049336752,1.8736666
92365,-.69314718,-.69314718,13.38181818181818,0,486.1935272216797,1.7411765
92710,-.69314718,-.69314718,10.63784584980237,0,316.2358315785726,.17458333
93094,2.0794415,9.0177851,43.46969696969697,1,2.085151498967951,.61424243
93200,-.69314718,2.9004221,25.36363636363636,0,154.8057578115752,.70090908
93220,-.69314718,1.8018097,25.43939393939394,0,113.090605764678,1.3706061
93365,-.69314718,-.69314718,15.71923076923077,0,564.773998260498,.67750001
93710,-.69314718,-.69314718,12.92857142857143,0,398.8753580365862,1.0810714
94095,-.69314718,8.4022627,41.45714285714286,1,1.573428572927202,1.2354286
94200,-.69314718,2.4361167,21.77142857142857,0,299.642285483224,1.3211428
94220,-.69314718,1.7429694,22.62857142857143,0,220.2045719691685,1.7894286
94365,-.69314718,-.69314718,16.08695652173913,0,996.4604279891304,1.7178261
94710,-.69314718,-.69314718,15.81764705882353,0,644.1854525479404,1.4831818
95100,-.69314718,6.9020247,40.04285714285714,1,16.17771440233503,1.3494285
95200,-.69314718,5.3264885,25.21428571428572,0,177.2825709751674,1.36
95220,-.69314718,4.8784637,25.9,0,132.8954284667969,2.3057144
95365,-.69314718,-.69314718,18.27867647058823,0,706.688643022017,2.1849999
95710,-.69314718,-.69314718,15.60869565217391,0,475.0608692998471,2.6208696
100101,0,7.4567022,45.07142857142857,1,1.312857137407575,.44799998
100130,-.69314718,7.1546154,46.14285714285714,1,4.053142847333636,1.2074286
100135,-.69314718,7.0221658,46.42424242424242,1,1.456666668256124,.74515152
100140,-.69314718,4.9908328,48.91176470588235,1,4.506764741504893,1.4211764
100200,-.69314718,5.9624767,30.48571428571428,0,10.68428579057966,1.34
100220,-.69314718,5.8373141,32.31428571428572,0,8.08400000163487,1.77
100365,-.69314718,-.69314718,19.16029411764706,0,46.68639999389649,1.6956
100710,-.69314718,-.69314718,20.91911764705882,0,30.82181835174561,1.9604546
101110,1.9459101,4.6051702,22.69754901960784,1,41.17199964523316,-1.3705001
101140,-.69314718,7.8193293,45.73529411764706,1,5.900294177672443,1.0461764
101200,.69314718,7.5206218,30.77142857142857,0,14.93057142666408,.81942856
101220,-.69314718,6.9247527,32.14285714285714,0,10.99171431405204,1.2951429
101365,0,-.69314718,21.25367647058824,0,55.25727306712758,.36409089
101710,-.69314718,-.69314718,20.93161764705883,0,37.41227262670343,.27772725
110200,-.69314718,5.9661469,29.30049019607843,0,365.0249984741211,-1.8279999
110220,-.69314718,-.69314718,21.93651960784314,0,321.6504997253418,-1.3415
110365,-.69314718,-.69314718,11.31838235294117,0,2312.875991821289,-1.274
110710,-.69314718,-.69314718,14.58700980392157,0,1537.587506103516,-1.3975
130135,1.9459101,7.1248198,49.6060606060606,1,2.87606060143673,.97000003
130200,-.69314718,4.7387018,28.71428571428572,0,43.66857160840716,1.1931429
130220,-.69314718,4.0455546,31.14285714285714,0,32.87685726710728,1.658
130365,-.69314718,-.69314718,20.73676470588235,0,184.5954541293058,1.4268181
130710,-.69314718,-.69314718,21.99705882352941,0,124.5130422840948,.85043478
135140,-.69314718,5.6392441,47.328125,1,6.312187522649765,1.0421875
135145,-.69314718,6.5461421,42.41379310344828,1,4.005172425302966,.33034483
135155,.69314718,7.9264932,47.30303030303031,1,1.192424235921917,.10939395
135200,-.69314718,6.4839411,32.5,0,16.35818193175576,.95242423
135220,-.69314718,5.844861,33.01515151515152,0,12.07030297770645,1.7106061
135365,-.69314718,2.3025849,23.11428571428572,0,61.95799970626831,.8175
135710,-.69314718,3.8712008,16.3630717108978,0,41.97639976501465,1.2764
140145,-.69314718,5.4524679,42.43333333333333,1,24.70766665140788,.33433336
140150,-.69314718,5.760941,38.5,1,48.27382356980268,.6417647
140160,0,8.5742817,55.96875,1,2.311874996870756,.206875
140165,-.69314718,7.0221658,45.54545454545455,1,23.63333340847131,.076363653
140200,-.69314718,7.6636014,41.41176470588236,0,2.454999990323011,1.2620589
140210,-.69314718,7.9919786,35.02272727272727,1,2.039285710879735,2.2607143
140220,0,7.7558932,41.91176470588236,1,1.861176466240602,2.1614707
140365,0,5.2605772,27.58769230769231,0,10.71037039933381,1.7325926
140710,-.69314718,4.6051702,17.875,0,6.956562504172325,.62062502
145150,-.69314718,5.3375382,38.76,1,2.045199995040893,.40240002
145155,.69314718,6.2951469,42.5,1,3.956129051023914,-.52225804
145160,-.69314718,7.4065084,43.38333333333333,1,10.87066658337911,-.045000002
145200,-.69314718,5.7763534,25.01612903225806,0,53.84258045688753,.30451614
145220,-.69314718,3.2506244,25.48387096774194,0,42.97677375424293,.8280645
145365,-.69314718,-.69314718,17.13088235294117,0,245.9254556135698,.9622727
145710,-.69314718,-.69314718,16.69632352941176,0,165.4450017755682,.50227273
150160,.69314718,7.1373296,39.96809116809116,1,21.23354850276824,-.047096789
150200,-.69314718,3.1292639,23.17142857142857,0,111.0540000915527,.53200001
150220,-.69314718,2.9629426,25.41275491286615,0,81.49709676927135,1.0335484
150365,-.69314718,-.69314718,13.58333333333333,0,505.8485717773438,1.137619
150710,-.69314718,-.69314718,15.58235294117647,0,343.2490914084694,1.6754545
155160,2.8332133,8.2282982,52.12121212121212,1,2.776666662909768,-.37030303
155200,-.69314718,6.8118734,32.22857142857143,1,14.43942860194615,.43542856
155220,-.69314718,6.2203059,34.12857142857143,0,11.05342848641532,.82857144
155365,-.69314718,-.69314718,23.36630036630037,0,63.58058839685776,.23411764
155385,-.69314718,5.2087054,30.72857142857143,1,1.397714287894113,.91742855
155710,-.69314718,3.6888793,15.38333333333333,0,42.62099997202555,.77833331
155900,-.69314718,4.9618454,28.05714285714286,0,2.985714285714286,-.035714284
155920,-.69314718,-.69314718,19.3969696969697,0,2.934666665395101,.48800001
160165,.69314718,6.869534,46.421875,1,10.35593751072884,-1.0278125
160200,1.0986123,7.8179669,39.63636363636363,1,4.846363616712166,.43575755
160220,-.69314718,7.3071413,42.45454545454545,0,3.842424219304865,.77999997
160365,.69314718,5.7257614,26.64094017094017,0,24.86333325703939,.96933329
160385,-.69314718,6.0213175,36.21212121212121,1,3.667575767545989,.60606062
160710,-.69314718,4.8928523,20.29803921568627,0,16.60370367544669,-.49407411
160900,-.69314718,5.3879294,35.875,0,1.100624997168779,.31062499
160920,-.69314718,2.7333677,30.85171568627451,0,10.4942307472229,.22230768
165200,-.69314718,6.1414046,30.63235294117647,0,51.27500029171215,-.098823525
165220,-.69314718,5.4355183,32.5735294117647,0,40.14970622343176,.28676471
165365,-.69314718,1.8643302,20.58190582128291,0,259.9651617234753,-.18870966
165710,-.69314718,-.69314718,15.83928571428571,0,171.4225000653948,-.89857143
165920,-.69314718,-.69314718,24.67619047619047,0,1.170526310017235,-.97736841
200205,-.69314718,9.3508472,52.02857142857143,1,47.45914274283817,1.674
200210,-.69314718,9.6976929,84.74285714285715,1,5.517428595679147,1.7474285
200211,-.69314718,9.2301426,78.78571428571429,1,4.902285732541766,1.816
200212,-.69314718,9.2301426,52.14285714285714,0,19.86257141658238,1.0668571
200220,-.69314718,9.5386162,93.09999999999999,1,1.296571414811271,2.0002856
200225,-.69314718,8.7982817,59.57142857142857,0,19.61400005136217,1.5177143
200230,0,8.3383656,64.5625,0,3.27031248062849,1.6775
200235,0,7.6711068,58.60606060606061,0,16.54696968829993,1.8972727
200260,-.69314718,9.8291807,80.93548387096774,0,1.259032249450684,1.9996774
200265,.69314718,6.1763868,13.859375,0,3.739062514156103,2.0725
200290,0,7.4467516,41.87142857142857,0,2.501714290891375,.87828571
200305,-.69314718,7.581358,59.48387096774193,0,9.383870993891071,2.0958064
200310,-.69314718,5.8828306,35.01470588235294,0,7.620588235995349,1.877647
200315,.69314718,6.4633045,38.22058823529412,0,3.372058826334336,1.2617646
200325,-.69314718,9.102437,78.42857142857143,0,1.838285715239389,2.031143
200345,-.69314718,6.7922425,51.22923387096775,0,5.398181843035148,1.8318182
200350,-.69314718,7.0802245,56.33823529411764,0,12.08294118151945,2.0302942
200352,-.69314718,6.6066504,43.85,0,232.537998008728,.32800001
200355,-.69314718,5.0677938,25.64705882352941,0,10.3229411910562,1.8152941
200360,-.69314718,6.2316055,35.71428571428571,0,4.906571418898446,2.0822856
200365,3.0910425,7.248301,36.10000000000001,0,5.458571420397077,1.7682858
200375,-.69314718,8.4437008,53.32857142857144,0,21.46542861121041,1.9828571
200380,-.69314718,9.30305,66.97142857142858,0,7.148285688672747,1.8305714
200385,-.69314718,8.7568846,66.92857142857143,1,18.43628587722778,2.0371428
200390,0,8.9843359,74.45714285714286,0,18.04314292498997,1.6191429
200395,1.9459101,5.8205066,38.37142857142857,0,571.427428327288,1.0528572
200404,-.69314718,-.69314718,13.51111111111111,0,254.6674982706706,-2.2125001
200432,-.69314718,-.69314718,20.35,0,75.99043464660645,-.70391303
200433,-.69314718,4.3600478,29.26666666666667,0,58.67173874896505,-.21434781
200434,-.69314718,-.69314718,21.84142156862745,0,142.9016669591268,-.35291669
200435,-.69314718,4.7277727,22.75,0,308.5408716616423,-.84347826
200436,-.69314718,-.69314718,24.34901960784314,0,127.4191660881042,-.56583333
200437,-.69314718,5.4467373,31.44411764705882,0,69.81520034790039,.80159998
200438,-.69314718,2.0794413,19.8735294117647,0,93.3139990234375,-.34640002
200439,-.69314718,-.69314718,28.01666666666666,0,88.9463159661544,.46473685
200450,-.69314718,5.480639,21.125,0,228.3948002624512,-.88160002
200451,-.69314718,6.3969297,28.75882352941177,0,143.0188003540039,-.08600001
200452,-.69314718,7.0181036,38.4375,0,36.77125036716461,-.92750001
200461,-.69314718,3.1780536,21.09264705882353,0,210.9572001647949,.79879999
200471,-.69314718,4.9126549,31.13235294117647,0,58.25000015258789,1.4928
200475,-.69314718,8.4268303,42.84,0,5.648000030517578,-1.4760001
200481,-.69314718,4.2766662,25.74117647058823,0,573.1923950195312,.41960004
200482,-.69314718,-.69314718,21.36544117647059,0,190.2063654119318,-.68636364
200483,-.69314718,-.69314718,20.37777777777778,0,134.988234576057,-.43058825
200484,-.69314718,2.0794413,22.98529411764706,0,163.8891999816894,.94080001
200490,-.69314718,5.9173565,31.25490196078432,0,11.7147619610741,-1.17
200500,.69314718,5.7037826,33.64285714285714,0,48.91150007247925,-.57700002
200501,-.69314718,7.0979819,36.06862745098039,0,30.10714267549061,.58714283
200510,-.69314718,6.4532828,35.85392156862745,0,31.1517393278039,1.0208696
200516,-.69314718,-.69314718,20.63725490196078,0,136.4271427336193,.21190475
200517,-.69314718,-.69314718,19.3125,0,129.2504537755793,-.11818185
200520,-.69314718,2.7725885,17.03529411764706,0,92.50519989013672,-.96560001
200530,-.69314718,5.0677938,19.5,0,19.64205871610081,.77529413
200540,-.69314718,5.6730108,10.46666666666667,0,28.57000012831254,-5.0990911
200541,-.69314718,4.7874918,11.91111111111111,0,26.71400003433228,-5.0279999
200551,-.69314718,7.1272559,31.54705882352941,0,48.1868182962591,-1.8595455
200552,0,5.1870918,9.710025062656641,0,36.0531577562031,1.1247368
200553,-.69314718,5.6549921,30.87745098039215,0,99.08095205397834,.63
200560,-.69314718,9.1062489,37.91428571428571,0,6.262000015803745,.78285712
200570,-.69314718,-.69314718,14,0,581.7392249474159,1.49
200571,-.69314718,-.69314718,17,0,1204.765991210938,1.64
200590,-.69314718,6.3397713,30.1,0,341.5749977959527,.54555553
200600,-.69314718,6.2409253,35.13455840455841,0,15.12800017197927,.90700001
200615,-.69314718,6.6954226,32.85686274509804,0,13.68478263979373,1.6182609
200616,-.69314718,5.1239643,40.16764705882353,0,44.73320007324219,1.6572
200625,-.69314718,6.5288572,25.52777777777778,0,29.51653850995577,-.19153848
200630,.69314718,8.1354446,38.81008547008547,0,5.230666649341583,.090000004
200640,-.69314718,6.9759636,52.01470588235293,1,4.241764713736141,1.2867647
200645,1.6094379,7.6407242,27.79139784946237,0,14.24625009298325,.046875007
200651,1.3862944,7.1472354,39.54411764705883,0,5.249705858090344,1.4494117
200652,.69314718,5.5759492,29.91764705882353,0,15.31680008888245,1.1488
200663,-.69314718,5.7561502,22.95161290322581,0,49.74741892660818,.19193546
200666,.69314718,7.516161,41.37170698924731,0,20.04124993085861,1.6496875
200670,-.69314718,8.557951,20.75588235294117,0,17.2343999671936,-.23040003
200678,-.69314718,4.8283138,17.3125,0,48.71500015258789,1.58375
200690,-.69314718,8.146759,22.86666666666666,0,85.2713039232337,-7.3173914
200696,-.69314718,7.9034729,20.11111111111111,0,86.54066638946533,-3.2639999
200698,-.69314718,7.0210838,23,0,60.86600074768067,1.29
200700,-.69314718,5.1704841,22.57352941176471,0,17.96919990539551,-.61119998
200710,2.8332133,6.6333184,19.04285714285714,0,3.622571413857596,.80828571
200732,-.69314718,6.3969297,31.55621639784946,0,3.181562501937151,1.8975
200740,-.69314718,8.150383,58.20181451612903,0,1.866176464978386,2.1644118
200750,-.69314718,8.7230453,56.37142857142857,0,1.752285708699908,.81171429
200770,-.69314718,7.423142,46.37142857142858,0,3.390571403503418,.64542854
200771,-.69314718,5.9522438,34.17777777777778,0,4.716923062617962,.55384612
200775,-.69314718,6.0470343,24.3,0,13.15742855753217,1.2977142
200780,-.69314718,7.196907,42.3235294117647,0,39.71588255377377,.87647063
200790,-.69314718,-.69314718,25.92647058823529,0,36.9868184002963,.57999998
200800,-.69314718,6.3969297,36.2258064516129,0,10.21580652267702,.81290323
200820,-.69314718,7.3010249,44.6514705882353,0,17.45318185199391,1.8381819
200830,-.69314718,7.4070864,35.60539215686275,0,29.90428534008208,1.8219048
200840,-.69314718,6.1856208,34.47142857142857,0,9.818000037329538,1.4874285
200850,1.3862944,6.3372107,43.19509803921569,0,2.195652179096056,.73347825
200900,-.69314718,9.3612204,62.2,0,4.76542855330876,1.3325714
200910,-.69314718,5.2983174,31.98888888888889,0,163.0699996948242,-1.441
200920,-.69314718,8.8396912,50.11428571428571,0,48.26999991280692,.92142856
205220,-.69314718,6.6774435,50.34285714285714,0,36.64657138415745,2.4014287
205230,.69314718,6.3363051,56.78021978021978,1,14.98705889196957,1.6623529
205352,-.69314718,6.0968251,34.55661764705882,1,5.560555537541707,1.1094444
205365,-.69314718,-.69314718,21.65221774193548,0,235.3435304305133,1.8194118
205710,-.69314718,-.69314718,12.55714285714286,0,144.6217141287667,.64571428
205920,-.69314718,6.3099184,30.68602941176471,0,2.271999955177307,.57300001
210211,-.69314718,11.503683,85.45714285714286,1,1.116857140404838,2.3162858
210220,-.69314718,9.4152613,93.7,0,4.344285699299403,2.536
210260,-.69314718,10.540405,88,1,5.776129030412243,2.6770968
210365,0,6.1374183,33.05714285714286,0,27.67000007629395,2.3574286
210390,-.69314718,8.9928951,78.24285714285715,1,3.259142855235508,1.918
210710,1.3862944,5.480639,18.24285714285714,0,17.65514286586216,1.0725714
210900,-.69314718,7.7970171,39.07575757575758,0,1.089999993642171,1.0825
211212,-.69314718,11.503683,60.48571428571429,1,4.172857114246914,1.1542857
211220,-.69314718,10.013494,87,1,3.898857164382934,2.6397142
211260,-.69314718,10.212631,82.29032258064517,1,5.274516090270011,2.3929033
211365,0,5.9757161,31.4375,0,25.0253124833107,1.9696875
211710,1.0986123,5.3264885,17.15714285714286,0,16.07828576224191,.96342856
212220,-.69314718,10.013494,60.4,1,16.19857147761754,1.3125714
212260,-.69314718,10.212631,58.5,1,22.58677421077605,2.094516
212365,-.69314718,5.9757161,20.328125,0,107.4403119087219,1.2578125
212710,-.69314718,5.3264885,13.47142857142857,0,69.06342833382743,.13857143
220225,-.69314718,9.0818577,68.17142857142858,1,15.19371426446097,2.1537142
220230,0,8.6079473,72.68749999999999,1,2.506562512367964,2.795625
220235,-.69314718,7.1441441,61.87878787878788,0,12.78575759945494,3.1966667
220260,-.69314718,10.616121,91.70967741935483,1,1.386774197701485,2.8035483
220265,0,6.4673104,14.78125,0,3.010312512516975,2.71875
220290,0,7.1723151,44.14285714285715,0,1.939714278493609,1.4117143
220305,-.69314718,7.3977199,63.09677419354838,0,7.71451614749047,3.1964517
220310,-.69314718,6.1907973,38.97058823529412,0,5.971176463014939,2.632647
220315,0,6.2828164,39.80882352941177,0,2.649705869310043,1.7073529
220325,-.69314718,9.9665966,88.09999999999999,1,1.422285723686218,3.1042857
220345,-.69314718,6.9137974,56.38252688172043,0,4.3187878854347,2.9860606
220350,-.69314718,7.2442274,63.9264705882353,0,9.300882339477539,3.212353
220352,-.69314718,5.0751739,39.075,0,197.6290002822876,.84799999
220355,-.69314718,5.64852,25.94753239591949,0,7.770000011690201,2.7216129
220360,-.69314718,6.720717,40.11572580645161,0,3.694705893011654,2.9444118
220365,1.6094379,7.1365967,37.65714285714286,0,6.518285724094936,2.4457142
220375,-.69314718,7.3226991,54.37142857142857,0,16.33400000163487,2.7665715
220380,-.69314718,8.3414783,69.14285714285715,0,5.540571413721357,2.3142858
220385,-.69314718,7.4763107,68.37142857142857,0,14.25228574957166,2.531143
220390,-.69314718,7.5481043,76.08571428571429,0,13.96857151303973,2.123143
220395,-.69314718,-.69314718,37.62857142857143,0,446.4797182355608,1.6908572
220404,-.69314718,-.69314718,13.64444444444444,0,248.4624970753988,-2.5308332
220432,-.69314718,5.3752785,24.32205882352941,0,67.79919990539551,-.796
220433,-.69314718,7.286787,35.5343137254902,0,50.43999995356021,-.10478259
220434,-.69314718,5.4161005,25.87671568627451,0,121.2079170544942,-.12708335
220435,-.69314718,5.6347895,26.20735294117647,0,279.4548004150391,-.29720002
220436,-.69314718,6.1569791,25.88088235294117,0,111.0108001708984,.17560002
220437,-.69314718,7.8905826,37.77352941176471,0,59.01600051879883,1.4756
220438,-.69314718,5.3360577,21.82692307692308,0,81.8838446690486,-.76730776
220439,-.69314718,5.2983174,33.34761904761905,0,78.89052682173879,.90052634
220450,-.69314718,5.908083,21.5264705882353,0,191.4311978149414,-.39960003
220451,-.69314718,-.69314718,21.54411764705883,0,122.3683995056152,.61559999
220452,-.69314718,4.6051702,31.72916666666667,0,31.26041682561238,-.72708333
220461,-.69314718,5.6903596,25.33970588235294,0,177.0883995056152,1.3716
220471,-.69314718,7.2997975,35.30441176470588,0,49.52879974365234,2.1919999
220475,-.69314718,7.8785343,36.88,0,4.749600019454956,-1.0168
220481,0,7.1356874,29.47205882352941,0,478.1655969238281,1.3828
220482,-.69314718,5.2983174,25.46887254901961,0,173.2833337783813,-.70458335
220483,-.69314718,5.2376928,24.48888888888889,0,109.19882404103,-.5335294
220484,0,6.2690964,26.28970588235294,0,137.7244006347656,1.5272
220490,-.69314718,6.3809295,33.03186274509805,0,10.26952373413813,-1.0385715
220500,0,2.9957321,25.71428571428572,0,41.21600036621093,-.61049998
220501,-.69314718,5.0870085,27.87990196078431,0,26.26714306785947,1.0719048
220510,-.69314718,2.8559704,28.5921568627451,0,26.39000009453815,1.7013043
220516,-.69314718,-.69314718,23.12009803921568,0,119.8495221819196,.57809526
220517,-.69314718,-.69314718,21.33897058823529,0,111.3095460371538,.73227268
220520,0,-.69314718,19.23455882352941,0,66.98272739757191,-1.3013636
220530,-.69314718,3.8513985,20.67647058823529,0,14.64999999719508,.98029411
220540,.69314718,5.2030072,10.8989898989899,0,28.31909092989835,-5.070909
220541,-.69314718,4.7874918,12.63333333333333,0,26.94399995803833,-4.8969998
220551,-.69314718,6.0139375,24.14485294117647,0,41.22681834480979,-1.5150001
220552,-.69314718,3.7401726,6.966917293233083,0,31.37631591997648,1.8099999
220553,-.69314718,-.69314718,22.0171568627451,0,86.21047610328311,1.1109524
220560,-.69314718,7.5511117,32.52857142857143,0,4.763142871856689,1.37
220570,-.69314718,-.69314718,15.39230769230769,0,455.0872200859918,2.1611111
220571,-.69314718,-.69314718,12.44444444444444,0,758.4799957275391,3.1521428
220590,-.69314718,4.7105308,25.04411764705882,0,316.3472222222222,.54277778
220600,0,8.3138523,39.35831908831909,0,12.27000000476837,1.525
220615,-.69314718,9.0171776,37.03039215686275,0,11.65565214986387,2.3091304
220616,0,7.4999766,46.35735294117647,0,38.24159996032715,2.2623999
220625,-.69314718,5.5665812,26.69444444444444,0,23.88000007776114,.22076923
220630,0,7.6778636,38.4505698005698,0,4.198666644096375,.64966667
220640,-.69314718,6.8089094,58.0735294117647,0,3.245000022299149,1.9947059
220645,-.69314718,8.2093086,29.07231182795699,0,10.8721875436604,.32218751
220651,.69314718,7.1791286,43.44117647058823,0,4.004705891889684,2.0205882
220652,-.69314718,6.4101748,30.82794117647058,0,12.68280000686645,2.0216
220663,-.69314718,4.4292798,23.93548387096774,0,39.34612920207362,1.0274193
220666,-.69314718,6.6200733,45.76995967741935,0,15.45406258106232,2.6565626
220670,-.69314718,8.8650293,21.15735294117647,0,13.87880000591278,.84239995
220678,-.69314718,4.6051702,17.9375,0,44.97000002861023,2.3881249
220690,-.69314718,7.4150968,22.86372549019607,0,70.6047826849896,-7.3173914
220696,-.69314718,8.0239897,19.97777777777778,0,75.9239990234375,-2.7566667
220698,-.69314718,5.6347895,24,0,64.84199905395508,.65399998
220700,-.69314718,-.69314718,22.025,0,15.52083341280619,-.53666663
220710,1.0986123,6.3073177,20.05714285714286,0,4.211142866952079,1.5311428
220732,-.69314718,6.0769868,32.82609686609687,0,2.408571426357542,2.7085714
220740,-.69314718,7.3171344,59.42671370967741,0,1.894999984432669,3.3291175
220750,-.69314718,6.7469158,46.24285714285714,0,1.978571425165449,.87685716
220770,-.69314718,6.3873601,39.72857142857143,0,2.637428556169783,1.0348572
220771,-.69314718,5.2182746,30.8,0,4.564615378013024,.66000003
220775,-.69314718,-.69314718,23.75714285714286,0,9.875714274815151,1.8828571
220780,-.69314718,5.1731544,31.60294117647059,0,30.42558838339413,1.0370588
220790,-.69314718,-.69314718,23.87573529411765,0,32.37500034679066,.56090909
220800,0,5.7763534,35.69354838709678,0,7.567419313615368,1.4790323
220820,-.69314718,6.5639839,35.10588235294118,0,14.9822727766904,2.2968183
220830,-.69314718,6.2968464,28.91666666666667,0,25.88761920020694,2.5795238
220840,-.69314718,5.6549921,33.45714285714286,0,7.45942862374442,2.0008571
220850,-.69314718,6.3823309,41.35588235294118,0,2.001739118410193,1.3186957
220900,-.69314718,7.7879744,50.40000000000001,0,3.695142865180969,1.7305714
220910,-.69314718,-.69314718,23.74444444444445,0,164.0329986572266,-1.441
220920,0,6.5469904,38.32857142857143,0,38.56571415492466,1.222
225260,-.69314718,9.6927662,68.87096774193549,1,20.25903242634189,2.058387
225305,-.69314718,9.8686953,58.51612903225806,1,1.913870965280841,2.2051613
225325,-.69314718,8.9253216,64.38571428571429,1,10.84114284515381,2.3322856
225365,-.69314718,5.26933,25.17142857142857,0,96.98971470424107,1.6662858
225710,-.69314718,5.6519575,11.03030303030303,0,60.08393923441569,.73151511
230235,-.69314718,7.1007719,56.80645161290322,1,5.368064511206843,3.163871
230365,-.69314718,4.7593212,35.90069169960474,0,15.1629166106383,2.1008334
230435,-.69314718,4.4873872,21,1,136.2077789306641,1.6733333
230600,2.0794415,7.1898661,38.69169960474309,1,5.425185150570339,1.3485185
230615,-.69314718,6.5746107,33,1,5.796666661898295,3.4658334
230710,-.69314718,3.986131,20.68595896856766,0,9.540000062722426,1.688077
235365,-.69314718,3.624341,27.296875,0,80.69687479734421,2.359375
235433,1.6094379,5.2983174,23,1,6.011249959468842,-1.07625
235438,1.3862944,-.69314718,15,1,8.876249969005585,-1.54625
235552,-.69314718,5.5096264,6.794117647058823,1,3.301176470868728,2.1694117
235560,-.69314718,5.9004927,28.24172932330827,1,2.314782614293306,2.3026087
235600,-.69314718,7.4256983,29.3888768115942,1,1.408571417842593,1.4514285
235710,-.69314718,-.69314718,12.83333333333333,0,49.68933302561442,2.6363332
235750,1.0986123,-.69314718,23.85,0,22.53300018310547,2.174
260305,-.69314718,9.5338249,62.45161290322581,1,10.4851612429465,3.4367743
260315,1.6094379,7.6840177,38.66666666666667,1,3.536999988555908,2.471
260365,1.9459101,7.7965755,34.91935483870968,0,4.84870966019169,2.9032259
260380,-.69314718,9.3785849,69.66129032258064,1,7.250322549573837,2.3141935
260390,-.69314718,8.9519043,76.62903225806451,1,18.36870969495466,2.5467741
260710,-.69314718,7.0792661,19,0,3.198064519513038,1.3883871
265290,-.69314718,9.7474833,45.57777777777778,1,1.717777788639069,.5316667
265380,-.69314718,7.6526642,14.078125,1,1.945624988526106,2.5240624
265390,-.69314718,7.0583282,13.53125,1,4.906875029206276,2.5821874
265710,-.69314718,5.053195,8.408248081841432,0,12.09434785013613,2.4213045
290315,-.69314718,9.6231852,52.83333333333334,1,2.184444467226664,.20722221
290365,0,8.6789341,53.74444444444444,1,10.15444451570511,.52999997
290380,-.69314718,8.2075577,40.05714285714286,1,3.247999995095389,1.0891429
290390,0,7.5922942,42.5,1,8.15028567995344,.99257141
290710,-.69314718,5.4467373,19.87058823529412,0,6.984800057411194,1.1176
305310,-.69314718,9.0040188,37.28571428571428,1,1.365357147795814,2.9128571
305315,-.69314718,8.3463612,38.25925925925926,1,2.965185191896227,2.4000001
305325,0,8.4936934,63.80645161290322,1,5.733870975432858,3.4470968
305345,-.69314718,8.8303547,50.04838709677419,1,1.827419350224156,3.3480644
305360,-.69314718,8.2401209,41.04877450980392,1,2.568500012159348,2.7290001
305365,-.69314718,6.2076879,30.68965517241379,0,50.98413776529247,3.1351724
305710,-.69314718,3.6888793,18.36666666666667,0,32.93099985122681,1.6163334
310315,-.69314718,8.9517946,53.55588235294117,1,2.306521721508192,1.7339131
310345,-.69314718,8.4496279,39.54999999999999,1,1.397666660944621,3.2533333
310360,0,8.514431,46.94564102564102,1,1.813103449755701,2.8793104
310365,-.69314718,7.7149749,48.71642156862745,1,38.68416647116343,2.1795833
310710,-.69314718,5.0106354,17.00857843137255,0,25.44916667540868,2.2270832
315365,-.69314718,8.5659838,68,1,16.45875012874603,3.0662501
315710,-.69314718,5.4161005,17.95539215686275,0,11.7058333158493,2.1541667
325345,1.0986123,8.1682806,54.95625,1,3.172424244158196,3.1448486
325350,-.69314718,7.6355882,61.64705882352941,1,6.574117618448594,3.452353
325365,.69314718,7.132041,31.61428571428571,0,8.936000033787318,2.5437143
325530,-.69314718,5.7838249,13.5,1,11.40499985218048,2.41875
325615,-.69314718,7.7387724,33.92745098039216,1,9.467391304347826,2.597826
325616,-.69314718,6.8501263,42.08823529411765,1,30.56959976196289,2.4360001
325710,-.69314718,6.0056491,17.6,0,5.609714290073939,1.9934286
345350,-.69314718,7.8940387,49.54872080088987,1,2.334374986588955,3.5393751
345355,0,7.699141,28.70967741935484,1,2.013548389557869,3.118387
345360,-.69314718,7.8071294,42.19354838709678,1,1.421935477564412,3.145484
345365,0,7.1970491,32.38709677419354,0,28.07129015461091,2.8235483
345710,-.69314718,3.986131,21.40902173913044,0,18.78807687759399,2.5253847
350355,-.69314718,7.3614984,22.82469410456062,1,1.22548387512084,3.1312904
350365,-.69314718,5.122427,26.30830552465703,0,58.98225796607233,3.0912902
350640,2.4849067,6.105875,50.90909090909091,1,2.867878791057702,2.3296969
350710,-.69314718,-.69314718,21.39769230769231,0,38.34321417127337,1.8607143
352365,-.69314718,-.69314718,20.34117647058824,0,1273.141575060393,1.2684211
352640,0,3.7401726,37.98823529411764,1,63.31947366814865,.54210526
352651,-.69314718,-.69314718,13,1,105.1900024414063,-9.0799999
352652,-.69314718,6.1380682,28.58235294117647,1,16.20999998795359,1.4394737
352666,-.69314718,6.6592941,30.775,1,17.64399991035462,1.0005
352710,-.69314718,-.69314718,18.19534313725491,0,784.7077713012695,2.5644445
355360,-.69314718,7.9948068,36.54666666666667,1,2.194137926759391,2.9262068
355640,0,6.2027736,28.80882352941176,1,2.445882341440986,2.6514707
355710,-.69314718,-.69314718,17.70171568627451,0,30.70875016848246,2.43875
360365,0,7.763588,42.38364672364673,1,22.60033321380615,2.885
360710,-.69314718,6.3719282,18.60831908831909,0,14.64888876455801,1.1811111
365375,.69314718,7.5359831,29.3,1,102.7659993852888,2.2842858
365380,1.7917595,6.1737862,31.88571428571429,1,35.26000021525792,2.0985715
365385,1.9459101,5.1769567,31.48571428571428,1,90.97657061985561,2.204
365390,0,5.3264885,32.22857142857143,0,88.67571411132812,2.1274285
365395,-.69314718,3.624341,19.82664650537635,0,2915.045617103577,1.9328125
365404,-.69314718,-.69314718,9.511111111111111,0,1795.236653645833,-2.0833333
365432,-.69314718,-.69314718,12.57254901960785,0,463.4587548573812,-.79833335
365433,-.69314718,-.69314718,20.15955882352941,0,345.7195462313566,-.27363634
365434,-.69314718,-.69314718,13.70098039215686,0,780.3000008719308,-.46761906
365435,-.69314718,-.69314718,14.83676470588235,0,1752.013203014027,-.39227274
365436,-.69314718,-.69314718,13.83455882352941,0,728.7327270507813,-.41272727
365437,-.69314718,-.69314718,21.97549019607843,0,389.5134788181471,1.09
365438,-.69314718,-.69314718,13.49191176470588,0,540.9709111993963,.0068181711
365439,-.69314718,-.69314718,16.77142857142857,0,566.6826316431949,1.03
365450,-.69314718,-.69314718,14.22058823529412,0,1234.190451882102,-1.1368182
365451,-.69314718,-.69314718,12.18369565217391,0,833.2952177628227,.072608702
365452,0,3.9120231,18.85416666666667,0,210.1370830535889,-.80708331
365461,-.69314718,-.69314718,13.02843137254902,0,1126.012175186821,1.1526086
365471,-.69314718,-.69314718,22.56372549019608,0,331.8839084791101,2.0169566
365475,-.69314718,3.8632329,21.96190476190477,0,29.84952390761602,-1.3419049
365481,-.69314718,-.69314718,15.79044117647059,0,2970.210438121449,.77227277
365482,-.69314718,-.69314718,14.44338235294118,0,1169.962269176136,-.71136367
365484,-.69314718,-.69314718,14.83970588235294,0,854.0009099786931,1.8890909
365490,-.69314718,-.69314718,19.39950980392157,0,72.95476223173596,-1.0495238
365500,-.69314718,-.69314718,16,0,266.0616658528646,-.45000002
365501,-.69314718,-.69314718,17.10049019607843,0,186.9095241001674,.85142857
365510,-.69314718,-.69314718,17.84117647058823,0,180.2222733931108,1.7190909
365516,-.69314718,-.69314718,12.9093137254902,0,855.2699991861979,.44380951
365517,-.69314718,-.69314718,11.85220588235294,0,785.2459106445313,.55363631
365520,-.69314718,-.69314718,10.44901960784314,0,485.1586987039317,-1.3313043
365530,-.69314718,2.65926,13.65692307692308,0,85.73321410587856,.61107141
365551,-.69314718,-.69314718,15.66691176470588,0,289.2213634144176,-1.5072728
365552,-.69314718,-.69314718,5.25391604010025,0,225.572106210809,1.5215789
365560,-.69314718,1.9310216,20.77586206896552,0,28.75448299276418,1.1424139
365570,-.69314718,-.69314718,8.161029411764705,0,3294.461981201172,1.7689999
365590,-.69314718,-.69314718,16.88480392156863,0,2280.479478624132,.47277778
365600,-.69314718,4.2950153,23.63461538461538,0,78.34599939982097,1.1646667
365615,-.69314718,4.6921816,23.68161764705883,0,80.56318179043856,2.1722727
365616,-.69314718,-.69314718,24.92058823529412,0,264.0511981201172,1.9584
365625,-.69314718,2.7333677,16.91666666666667,0,149.6980771284837,.10692306
365630,1.7917595,4.9416423,23.27980056980057,1,26.62633336385091,.83633333
365640,.69314718,4.7676892,23.25,1,20.60205888748169,1.6308824
365645,0,4.4381161,21.75,0,58.48692296101497,-.14615385
365651,-.69314718,6.2146082,23.61764705882353,0,25.08176466997932,1.9661765
365652,0,4.9126549,18.08235294117647,0,86.2680004119873,1.5319999
365663,-.69314718,-.69314718,17.47916666666667,0,217.7804152170817,.015833333
365666,2.1972246,-.69314718,24.40978865406007,0,94.7819359071793,2.5780644
365670,-.69314718,-.69314718,15.4875,0,79.80909022417936,.11181817
365678,-.69314718,-.69314718,12.375,0,325.9556226730347,2.0425
365690,-.69314718,-.69314718,14.44117647058823,0,472.7272748080167,-7.4159093
365696,-.69314718,-.69314718,13.33333333333333,0,550.3193298339844,-3.0413332
365698,-.69314718,-.69314718,21,0,517.8740020751953,2.1099999
365700,1.9459101,5.2983174,12.54852941176471,1,108.1403991699219,-.55119997
365710,2.4849067,7.0139155,18.11029411764706,0,1.529200000762939,2.8132
365732,2.6390574,-.69314718,19.71470588235294,0,15.39863614602522,2.8404546
365740,3.1354942,7.3971019,35.65188172043011,1,3.753437492996454,3.3540626
365750,-.69314718,6.6333184,27.62857142857143,0,3.422571451323373,.70028567
365770,0,3.6888793,22.62857142857143,0,16.79628576551165,.90828568
365771,-.69314718,3.83198,18.75555555555556,0,32.97692342904898,.70461535
365775,-.69314718,1.8643302,15.91935483870968,0,58.6851615290488,1.5809678
365780,-.69314718,2.9311938,19.10489432703003,0,190.3165619373322,.96499997
365790,-.69314718,-.69314718,13.44117647058823,0,229.4540904651989,.48681819
365800,2.5649493,3.2188759,24.96706192358366,0,42.56458353996277,2.8545833
365820,-.69314718,4.9798636,19.95294117647059,0,105.4609101035378,2.1836364
365830,-.69314718,4.5563803,20.97794117647059,0,183.2590473720006,2.4742856
365840,2.4849067,3.305887,23.46691176470588,0,42.59318195689809,1.3313637
365850,-.69314718,3.2614355,27.18039215686274,0,12.93478266570879,1.1130434
365900,2.6390574,5.3554759,28.47058823529412,0,23.24617643917308,1.7382352
365910,-.69314718,-.69314718,16.36666666666667,0,1179.217974853516,-1.441
365920,2.6390574,3.5347288,22.27142857142857,0,248.2194274902344,1.2317142
375380,-.69314718,10.015796,63.28571428571428,1,3.058857131004333,2.2980001
375385,-.69314718,9.2835913,62.45714285714286,1,1.300285703795297,2.4711428
375710,-.69314718,3.6888793,17.47142857142857,0,63.62828576224191,2.0274286
380385,-.69314718,10.51558,77.25714285714285,1,2.556285718509129,2.2688572
380390,-.69314718,10.428892,79.77142857142857,1,2.524285711560931,1.992
380710,-.69314718,5.1731544,17.61764705882353,0,22.12176501049715,.92235291
385390,.69314718,10.087236,80.52857142857142,1,1.087714280400957,2.0385714
385710,-.69314718,3.1292639,16.97142857142857,0,56.47628593444824,1.4674286
385900,-.69314718,6.6181664,41.01428571428571,0,3.894857154573713,1.5897143
385920,-.69314718,6.1496887,32.4,0,3.486857155391148,1.1665714
390710,-.69314718,2.8415816,16.98571428571428,0,55.19171425955636,.79828572
395710,-.69314718,-.69314718,20.1625,0,2014.360899491744,2.6204545
404433,-.69314718,6.5269828,23.14444444444445,1,5.864166657129924,-2.8625
404438,-.69314718,3.9120231,21.53333333333333,1,3.470833281675974,-2.4358332
404710,-.69314718,-.69314718,10.58888888888889,0,1312.054163614909,-1.8266666
432433,-.69314718,8.1836262,40.48823529411765,1,1.321818205443296,-1.2827272
432435,-.69314718,5.2983174,35.54705882352941,1,3.7372727394104,-1.8536364
432436,-.69314718,5.8814635,37.07303921568627,1,1.604583327968915,-2.0674999
432437,-.69314718,8.5221806,35.46495098039215,1,1.195416664083799,-1.38875
432438,-.69314718,5.521461,23.64730392156862,1,1.193333337704341,-1.2025
432439,1.0986123,6.8082256,44.75714285714286,1,1.254210509751972,-.4805263
432615,-.69314718,4.1087332,23.27843137254902,1,5.824347848477571,-.19695652
432710,-.69314718,-.69314718,13.48970588235294,0,307.0254516601563,-.47772726
433435,-.69314718,8.1912107,45.06397058823529,1,4.914999994364652,-1.685909
433438,-.69314718,6.0129709,25.82941176470588,1,1.575217397316642,-.93913043
433710,-.69314718,-.69314718,18.77254901960784,0,235.2891314962636,-.87217391
434436,-.69314718,6.7070847,41.17426470588236,1,1.081363634629683,-1.9163636
434439,-.69314718,3.7401726,42.98095238095237,1,1.361052651154367,-.92210525
434461,-.69314718,7.14643,40.28823529411765,1,1.402173923409503,-.93086958
434475,-.69314718,4.6051702,26.56041666666667,1,26.57681811939586,-3.2145455
434710,-.69314718,-.69314718,13.99019607843137,0,524.8957199823288,-.052857172
435600,.69314718,4.2867165,45.8,1,20.35181817141446,-1.7163637
435615,0,3.9990342,35.93455882352941,1,21.22227282957597,.11499999
435710,-.69314718,-.69314718,17.88308823529412,0,1155.451363303445,.014090901
436439,-.69314718,5.9914646,57.42619047619047,1,1.258421057148984,-1.6326315
436475,-.69314718,6.1140671,28.53095238095238,1,24.40739142376444,-3.0421741
436483,-.69314718,4.1997051,36.88888888888889,1,1.098000001907349,-2.438
436615,-.69314718,4.50986,26.35294117647059,1,9.229090950705789,-.63999999
436710,-.69314718,-.69314718,14.97720588235294,0,488.4072695645419,-.29227272
437438,0,-.69314718,26.8952380952381,1,1.477368430087441,-1.0842105
437439,-.69314718,8.3893595,56.58333333333333,1,1.535263168184381,-.4805263
437450,-.69314718,6.1456151,27.45343137254902,1,3.189583351214727,-1.015
437452,-.69314718,6.4394894,34.81190476190476,1,1.911739142044731,-1.1799999
437710,-.69314718,-.69314718,19.53823529411764,0,255.0454524647106,.94227272
438450,-.69314718,6.3181486,22.46176470588235,1,2.257272720336914,-2.2013636
438451,-.69314718,4.3820267,19.95588235294117,1,1.526399993896484,-1.63
438710,-.69314718,-.69314718,13.70294117647059,0,367.8700017514436,-.52304351
439452,-.69314718,6.2492938,36.21538461538461,1,2.812941172543694,-1.9023529
439461,-.69314718,6.7727189,51.16666666666667,1,1.85684211003153,-.24368422
439710,-.69314718,-.69314718,16.96904761904762,0,380.4236851742393,.59736842
450451,-.69314718,6.0748463,28.04411764705882,1,1.483478255893873,-1.64
450710,-.69314718,-.69314718,14.5485294117647,0,821.2772716175426,-1.495
451710,-.69314718,-.69314718,15.47647058823529,0,564.2111950683594,-1.268
452461,1.6094379,7.3992653,26.60238095238095,1,5.670434765193773,-1.4317391
452710,-.69314718,2.1202633,16.22916666666667,0,141.0129181543986,-2.3991666
461710,-.69314718,-.69314718,14.46960784313726,0,751.8039099651834,1.1391305
471475,0,4.5181589,35.66130952380953,1,10.96833336353302,-1.6825001
471481,0,8.4612579,42.5735294117647,1,9.416800060272216,.972
471482,-.69314718,6.9779596,41.49338235294118,1,3.576818184419112,-.69636363
471483,-.69314718,6.8595533,40.53333333333334,1,2.068235320203445,-.3364706
471484,-.69314718,7.1507015,42.01127450980392,1,2.659583340088526,2.1700001
471710,-.69314718,2.2072749,18.51176470588235,0,220.8159110329368,2.4631817
475483,-.69314718,5.4608364,23.62222222222222,1,23.01705887738396,-2.2176471
475710,-.69314718,4.1531854,18.05416666666667,0,20.3513636155562,-1.0895455
481484,-.69314718,7.2886791,39.8610294117647,1,3.458636348897761,.83954549
481710,-.69314718,-.69314718,15.95073529411765,0,1991.122719504616,.76318187
482483,0,6.6507101,39.28888888888888,1,1.747999978065491,-1.1433333
482490,-.69314718,5.4318485,30.87009803921568,1,15.99761912936256,-2.7795238
482625,-.69314718,2.4079456,18.77777777777778,1,9.41666669315762,-2.0061111
482710,-.69314718,-.69314718,14.95588235294118,0,788.6940890225497,-.92545456
483625,0,3.4265149,22,1,4.953076857786912,-1.7946154
483710,-.69314718,-.69314718,13.15555555555556,0,480.7594101849724,-1.7582353
484490,1.9459101,6.3646688,31.16421568627451,1,11.43857143038795,-.99619049
484540,-.69314718,6.5639839,15.07070707070707,1,3.483636379241943,-5.0854545
484710,-.69314718,-.69314718,15.51176470588235,0,574.6795446222478,3.0918181
490500,.69314718,5.2983174,31,1,3.494117666693295,-1.9817648
490510,-.69314718,7.8814158,31.54166666666667,1,2.373333317892892,-1.7661905
490516,-.69314718,5.4380794,31.83553921568627,1,11.73050007820129,-1.688
490517,-.69314718,5.3892889,29.41911764705882,1,10.51523803529285,-2.2733333
490540,2.3978953,5.2030072,14.66666666666667,1,3.161818222566084,-7.3709092
490551,1.9459101,7.16645,29.86519607843137,1,3.777142831257411,-2.4204762
490625,-.69314718,2.4079456,27.70370370370371,1,1.720555557145013,-3.771111
490710,-.69314718,-.69314718,19.13480392156863,0,49.34714271908715,-1.0347619
500501,1.3862944,9.3536768,49.28571428571428,1,1.35352940419141,-1.5935295
500510,1.9459101,7.1701193,47.5,1,1.456111106607649,-1.0144445
500517,0,7.1615357,22.5,1,3.045555538601346,-2.4472222
500625,1.3862944,6.5922384,31,1,2.020588215659647,-3.0241177
500710,-.69314718,-.69314718,17.14285714285714,0,180.8036836322985,-.6452632
501510,0,8.7773571,48.94117647058823,1,1.125714290709723,.41238096
501520,.69314718,6.5442543,24.92156862745098,1,2.311428558258783,-1.8433334
501530,-.69314718,6.3099184,29.04107142857143,1,2.498999989032745,.040999994
501625,-.69314718,6.2997661,24.16666666666667,1,1.490555544694265,-1.735
501710,-.69314718,-.69314718,17.1764705882353,0,125.7866668701172,.97285712
510516,0,7.0329185,25.65441176470588,1,5.014285700661795,-.36285716
510517,-.69314718,5.2517972,24.11544117647059,1,4.456363634629683,.29227272
510541,-.69314718,6.7093043,20.02222222222222,1,1.517999982833862,-4.8969998
510551,-.69314718,7.813077,36.98529411764707,1,1.625454545021057,-1.6195455
510553,-.69314718,5.0870085,36.08823529411764,1,3.567142872583299,.67714286
510710,-.69314718,4.8018804,17.53235294117647,0,121.9047828342604,1.5117391
516517,1.0986123,6.8387623,26.93627450980392,1,1.11619047891526,.076666631
516710,-.69314718,-.69314718,13.85294117647059,0,573.5642845517114,1.1314286
517710,-.69314718,-.69314718,13.46102941176471,0,524.8649930087003,.83999997
520530,2.8903718,5.7838249,18.93928571428571,1,5.970000008742015,-1.82375
520678,-.69314718,6.2869287,27.8125,1,1.259999997913837,1.3075
520710,-.69314718,-.69314718,14.82352941176471,0,316.2247845193614,-1.4413043
530625,1.6094379,6.4361506,24.41176470588236,1,1.751599998474121,-.94239998
530670,-.69314718,7.3297496,17.78571428571429,1,1.807083328564962,-1.1641667
530678,-.69314718,5.5859995,17.8,1,4.76733333269755,.71999997
530710,1.0986123,-.69314718,10.91379310344828,0,54.06724127407732,.37344825
540551,2.3978953,5.2983174,12.77777777777778,1,1.10181818225167,-8.2772732
540553,-.69314718,-.69314718,13.11111111111111,1,2.481818177483298,-5.5790911
540560,2.3978953,4.8463326,8.200000000000001,1,8.854545549912887,-5.7618184
540710,-.69314718,-.69314718,8.933333333333334,0,152.6954519098455,-5.070909
541551,-.69314718,2.9957321,17.77777777777778,1,1.126000022888184,-7.3569999
541552,.69314718,7.1786304,13.42857142857143,1,1.188888894187079,-5.3777776
541553,-.69314718,6.0402546,18.87777777777778,1,2.53899998664856,-5.6939998
541560,0,5.480639,9.844444444444445,1,8.544999933242797,-5.1420002
541710,-.69314718,-.69314718,10.46666666666667,0,146.8660011291504,-4.8969998
551552,2.1972246,9.4855766,12.68421052631579,1,1.246842102000588,-1.6321052
551560,1.9459101,7.7536235,18.1921568627451,1,10.24849998950958,-1.9990001
551710,-.69314718,3.5935693,16.34632352941177,0,193.2331820401278,-1.5468183
552560,-.69314718,7.054359,10.52738095238095,1,8.334736798938952,1.0168421
552571,1.7917595,-.69314718,8.945454545454544,1,21.14933331807454,3.4033334
552710,-.69314718,-.69314718,4.578947368421052,0,148.9057874177632,1.9052632
553710,-.69314718,-.69314718,14.93382352941176,0,411.432855515253,.96476191
560570,.69314718,-.69314718,14.97401960784314,1,125.7100002288818,.36950004
560710,-.69314718,-.69314718,12.95161290322581,0,18.65096775177986,.082903221
590710,-.69314718,-.69314718,16.83995098039215,0,1596.511115180122,.67000002
600615,1.6094379,7.6052408,52.24215686274511,1,1.133043491322061,1.9508696
600710,-.69314718,4.6051702,17.72250712250712,0,50.30433349609375,-.28200001
615616,-.69314718,7.0900769,55.53529411764706,1,3.338260868321294,2.6595652
615710,-.69314718,3.5935693,18.9360294117647,0,53.6636361208829,2.6722727
616651,-.69314718,4.7874918,56.18504901960785,1,12.09250001907349,2.9065001
616710,-.69314718,-.69314718,19.76617647058823,0,176.3544000244141,.74159998
625651,0,8.266757,41.88888888888889,1,6.146538440997784,.038461521
625670,-.69314718,7.5060682,26.17460317460317,1,2.511428549176171,-2.0609524
625710,-.69314718,4.5251274,15.02777777777778,0,95.62499955984262,-1.6753846
630640,0,7.8171253,38.23578431372549,1,1.388620688997466,.69689655
630645,2.9957323,5.3311071,31.07501424501424,1,2.325333329041799,-.19566669
630670,.69314718,4.9153252,27.29044117647059,1,3.121363645250147,-1.5913637
630690,1.6094379,6.991137,24.62058823529412,1,19.83565214405889,-7.7756519
630696,0,7.5102482,22.68888888888889,1,24.69533341725667,-5.5946665
630698,0,3.6888793,29,1,35.51199913024902,1.868
630700,1.3862944,5.0976467,25.55588235294118,1,5.26181820305911,-1.5440909
630710,-.69314718,4.1531854,23.67132352941177,0,15.392272754149,.74818182
630770,-.69314718,7.1598101,43.76851851851852,1,1.675666658083598,-.301
640645,1.0986123,8.4322004,29.34233618233618,1,3.010370360480414,-.31148148
640652,.69314718,6.1737862,31.85294117647059,1,4.210800008773804,1.36
640710,0,-.69314718,22.41372549019608,0,13.0534783653591,1.7865217
645651,0,5.7037826,27,1,3.810000061988831,-.25
645652,.69314718,8.0857944,40.225,1,1.57479998588562,.72079998
645663,1.0986123,6.9077554,35.85483870967741,1,4.276129030412243,-.3667742
645670,1.0986123,5.7578497,35.47990196078432,1,1.657499998807907,-1.4841667
645690,1.6094379,8.2687321,40.91176470588236,1,9.47045460614291,-7.6672726
645710,-.69314718,4.6975436,15.9890248424175,0,40.55483891887049,-.035161298
651663,1.6094379,6.6179204,34.58064516129032,1,10.01322580152942,1.2367742
651666,2.8903718,5.5031118,37.80735294117647,1,3.451818184419112,2.2477274
651670,1.7917595,7.9142523,32.68088235294117,1,3.870000023841858,.73839998
651710,-.69314718,5.5786195,16.32352941176471,0,15.46499998429242,1.2017647
652663,1.7917595,7.7493224,38.71617647058824,1,2.706800007820129,1.1796
652710,-.69314718,5.0238805,17.59117647058823,0,56.07839912414551,.16679998
663670,-.69314718,8.1501789,32.65882352941176,1,3.717200026512146,-.69440001
663710,-.69314718,4.8128095,14.55769230769231,0,144.0349995539738,-.45730773
666710,-.69314718,-.69314718,16.49522397891963,0,52.09125010172526,2.4945834
670678,1.3862944,7.0796056,29.8125,1,8.135625004768372,.18312493
670690,-.69314718,8.1937265,36.26102941176471,1,7.230909044092352,-8.0904541
670696,-.69314718,7.0091076,33.46666666666667,1,9.141333421071371,-3.0386667
670698,-.69314718,4.7874918,46,1,15.09799995422363,-7.7860003
670710,-.69314718,3.5935693,17.34705882352941,0,51.83818127892234,.57863635
678710,-.69314718,3.624341,15,0,227.8106260299683,4.4049997
690710,-.69314718,4.9153252,16.2985294117647,0,314.0259101174095,-7.4349999
696698,-.69314718,7.2442274,43,1,3.392000007629394,-4.8799996
696710,-.69314718,3.9765615,14.04444444444444,0,372.8033340454102,-1.704
698710,-.69314718,-.69314718,20,0,470.1540084838867,7.046
700710,-.69314718,-.69314718,16.76911764705882,1,74.55545460094105,-.61272728
700770,2.1972246,6.7707896,28.00735294117647,1,6.607999992370606,-1.1216
710732,2.6390574,-.69314718,20.30294117647059,1,10.37227283824574,3.7950001
710740,1.3862944,8.1837749,20.76885080645161,0,2.368529421441695,3.0308824
710750,2.9444389,4.5155582,18.68571428571429,1,2.121999992643084,-.11028572
710770,0,5.6549921,17.61428571428571,1,10.55885705947876,.13085714
710771,-.69314718,3.4265149,18.62222222222222,0,23.85384618318998,.82923079
710775,1.0986123,4.7874918,11.84285714285714,1,37.42000002179827,1.0051428
710780,-.69314718,5.7973084,14.70588235294118,0,118.6349996678969,.30529413
710790,-.69314718,-.69314718,15.51176470588235,1,155.1190906871449,.75545454
710800,2.3025851,4.6921816,23.25274725274725,0,27.05681835521351,2.6563637
710820,.69314718,5.7907939,20.02132352941176,0,70.67681832747026,3.0645454
710830,-.69314718,6.2427793,20.13725490196078,0,123.2319056193034,4.1580954
710840,2.8332133,4.3820267,16.9,0,27.98866659800212,1.911
710850,-.69314718,5.7463422,22.88431372549019,0,8.757391286932904,1.8165218
710900,2.8332133,6.5136538,18.25714285714286,0,14.59457146780831,.44771427
710910,-.69314718,-.69314718,18.84444444444444,0,971.2679870605468,-1.441
710920,2.8332133,3.9401939,16.18571428571429,0,160.571713910784,-.024571434
732740,2.4849067,8.4672146,37.49731182795699,1,4.459999978542328,3.70625
750770,3.1780539,6.4524994,49.68571428571429,1,4.945714269365583,.0019999936
750771,1.6094379,5.9522438,40.17777777777778,1,10.58692315908579,-.15923078
750775,0,6.3580899,26.07142857142857,1,17.78685711451939,.65799999
750780,.69314718,6.2605934,48.47058823529412,1,56.03352939381319,.40441176
750790,1.0986123,5.8708367,30.36544117647059,1,71.26318220658736,-.004090915
770775,0,6.4251008,25.27142857142857,1,3.67771429334368,1.1051428
771775,-.69314718,5.8244104,22.91111111111111,1,1.484615371777461,.81153846
775800,2.3978953,4.8600626,23.95161290322581,1,1.351612902456714,1.4722581
800820,-.69314718,8.2940493,46.93956043956044,1,2.643333342340258,2.97
800850,-.69314718,7.2591534,53.71428571428572,1,4.365789513838918,1.5636842
820830,-.69314718,10.826044,42.35049019607843,1,1.762857136272249,4.1261907
820840,1.3862944,7.4276309,40.1875,1,2.450000026009299,1.7781818
820850,1.0986123,6.6954226,45.6,1,12.01782618398252,2.7060869
830850,-.69314718,9.2943316,38.39460784313725,1,21.40428574879964,3.8928571
840850,-.69314718,7.0900769,45.44509803921569,1,4.397826111834982,.93478262
850900,1.0986123,7.8798509,42.36862745098039,1,2.259130436441173,.72826087
850910,.69314718,-.69314718,27.82222222222222,1,104.6149997711182,-1.441
900910,-.69314718,8.1605186,28.28888888888889,1,59.75099983215332,-1.441
900920,-.69314718,9.0951281,49.14705882352942,0,10.92411764930276,.72794116
